first_name,last_name,full_name,year_id,set_id,card_number,team,onbase,strikeout,groundball,flyball,base_on_balls,single,single_plus,double,triple,homerun,points,speed,hand,starting_position,fielding_one,starting_position_two,fielding_two,starting_position_three,fielding_three,starting_position_four,fielding_four,total_outs,extra_base_hits,number_of_positions
Garret,Anderson,Garret Anderson,2000,BS,1,Angels,7,0,3,1,0,10,0,3,0,3,250,15,L,CF,3,LFRF,2,NULL,NULL,NULL,NULL,4,6,2
Gary,DiSarcina,Gary DiSarcina,2000,BS,3,Angels,5,0,1,1,1,17,0,0,0,0,40,15,R,SS,4,NULL,NULL,NULL,NULL,NULL,NULL,2,0,1
Darin,Erstad,Darin Erstad,2000,BS,4,Angels,6,0,2,1,2,10,1,1,1,2,140,15,L,LFRF,2,1B,1,NULL,NULL,NULL,NULL,3,5,2
Troy,Glaus,Troy Glaus,2000,BS,6,Angels,7,2,0,2,7,3,0,2,0,4,240,15,R,3B,1,NULL,NULL,NULL,NULL,NULL,NULL,4,6,1
Todd,Greene,Todd Greene,2000,BS,7,Angels,5,0,0,2,0,6,0,5,0,7,180,15,R,LFRF,1,NULL,NULL,NULL,NULL,NULL,NULL,2,12,1
Jeff,Huson,Jeff Huson,2000,BS,8,Angels,7,0,5,0,2,11,2,0,0,0,160,20,L,2B,4,SS,4,NULL,NULL,NULL,NULL,5,2,2
Orlando,Palmeiro,Orlando Palmeiro,2000,BS,9,Angels,8,0,2,1,6,9,1,1,0,0,150,15,L,LFRF,1,NULL,NULL,NULL,NULL,NULL,NULL,3,2,1
Tim,Salmon,Tim Salmon,2000,BS,12,Angels,8,1,0,2,8,4,0,2,0,3,290,15,R,LFRF,1,NULL,NULL,NULL,NULL,NULL,NULL,3,5,1
Mo,Vaughn,Mo Vaughn,2000,BS,14,Angels,8,3,1,1,4,6,0,1,0,4,300,10,L,1B,0,NULL,NULL,NULL,NULL,NULL,NULL,5,5,1
Matt,Walbeck,Matt Walbeck,2000,BS,15,Angels,6,0,1,1,4,13,0,0,0,1,100,15,S,C,7,NULL,NULL,NULL,NULL,NULL,NULL,2,1,1
Jay,Bell,Jay Bell,2000,BS,16,Diamondbacks,9,2,1,2,5,4,0,2,1,3,410,15,R,2B,2,NULL,NULL,NULL,NULL,NULL,NULL,5,6,1
Steve,Finley,Steve Finley,2000,BS,19,Diamondbacks,7,0,1,2,4,3,1,2,2,5,350,15,L,OF,2,NULL,NULL,NULL,NULL,NULL,NULL,3,10,1
Andy,Fox,Andy Fox,2000,BS,20,Diamondbacks,7,1,1,1,6,6,1,1,1,2,190,15,L,SS,1,NULL,NULL,NULL,NULL,NULL,NULL,3,5,1
Hanley,Frias,Hanley Frias,2000,BS,21,Diamondbacks,10,0,3,2,6,7,1,0,1,0,290,15,S,SS,1,NULL,NULL,NULL,NULL,NULL,NULL,5,2,1
Bernard,Gilkey,Bernard Gilkey,2000,BS,22,Diamondbacks,9,1,1,3,5,5,0,3,0,2,330,15,R,LFRF,1,NULL,NULL,NULL,NULL,NULL,NULL,5,5,1
Luis,Gonzalez,Luis Gonzalez,2000,BS,23,Diamondbacks,10,0,2,3,3,7,0,3,0,2,450,15,R,LFRF,2,NULL,NULL,NULL,NULL,NULL,NULL,5,5,1
Travis,Lee,Travis Lee,2000,BS,25,Diamondbacks,7,0,2,1,8,4,2,1,0,2,200,20,L,1B,0,NULL,NULL,NULL,NULL,NULL,NULL,3,5,1
Kelly,Stinnett,Kelly Stinnett,2000,BS,28,Diamondbacks,6,3,0,1,4,4,0,2,0,6,230,15,R,C,6,NULL,NULL,NULL,NULL,NULL,NULL,4,8,1
Matt,Williams,Matt Williams,2000,BS,30,Diamondbacks,7,0,1,2,0,9,0,3,0,5,330,15,R,3B,3,NULL,NULL,NULL,NULL,NULL,NULL,3,8,1
Tony,Womack,Tony Womack,2000,BS,31,Diamondbacks,7,0,2,1,3,6,5,1,1,1,210,20,L,LFRF,2,NULL,NULL,NULL,NULL,NULL,NULL,3,8,1
Bret,Boone,Bret Boone,2000,BS,32,Braves,6,0,1,1,3,6,1,4,0,4,190,15,R,2B,2,NULL,NULL,NULL,NULL,NULL,NULL,2,9,1
Jose,Hernandez,Jose Hernandez,2000,BS,34,Braves,7,2,1,0,4,8,1,1,0,3,230,15,R,SS,3,NULL,NULL,NULL,NULL,NULL,NULL,3,5,1
Brian,Hunter,Brian Hunter,2000,BS,35,Braves,8,1,0,3,8,3,0,3,0,2,220,10,R,1B,1,NULL,NULL,NULL,NULL,NULL,NULL,4,5,1
Andruw,Jones,Andruw Jones,2000,BS,36,Braves,8,1,1,2,5,4,1,2,1,3,390,20,R,CF,3,LFRF,2,NULL,NULL,NULL,NULL,4,7,2
Chipper,Jones,Chipper Jones,2000,BS,37,Braves,10,1,2,1,7,3,1,2,0,3,610,20,S,3B,2,NULL,NULL,NULL,NULL,NULL,NULL,4,6,1
Brian,Jordan,Brian Jordan,2000,BS,38,Braves,8,0,2,3,3,6,1,1,1,3,300,15,R,LFRF,1,NULL,NULL,NULL,NULL,NULL,NULL,5,6,1
Ryan,Klesko,Ryan Klesko,2000,BS,39,Braves,9,1,2,2,4,5,0,3,0,3,410,15,L,LFRF,0,1B,0,NULL,NULL,NULL,NULL,5,6,2
Keith,Lockhart,Keith Lockhart,2000,BS,40,Braves,7,0,2,2,5,9,1,0,1,0,120,15,L,2B,4,NULL,NULL,NULL,NULL,NULL,NULL,4,2,1
Eddie,Perez,Eddie Perez,2000,BS,43,Braves,6,0,3,2,1,9,0,3,0,2,110,10,R,C,6,NULL,NULL,NULL,NULL,NULL,NULL,5,5,1
Walt,Weiss,Walt Weiss,2000,BS,47,Braves,6,0,1,1,8,5,1,2,2,0,80,15,S,SS,2,NULL,NULL,NULL,NULL,NULL,NULL,2,5,1
Gerald,Williams,Gerald Williams,2000,BS,48,Braves,7,0,1,2,4,6,2,2,0,3,260,20,R,LFRF,2,NULL,NULL,NULL,NULL,NULL,NULL,3,7,1
Rich,Amaral,Rich Amaral,2000,BS,49,Orioles,8,1,4,0,4,6,2,2,1,0,220,20,R,OF,1,NULL,NULL,NULL,NULL,NULL,NULL,5,5,1
Brady,Anderson,Brady Anderson,2000,BS,50,Orioles,10,1,1,3,7,4,1,1,0,2,500,20,L,OF,1,NULL,NULL,NULL,NULL,NULL,NULL,5,4,1
Albert,Belle,Albert Belle,2000,BS,51,Orioles,9,0,2,2,6,4,1,2,0,3,390,15,R,LFRF,0,NULL,NULL,NULL,NULL,NULL,NULL,4,6,1
Mike,Bordick,Mike Bordick,2000,BS,52,Orioles,7,0,1,2,4,8,1,2,1,1,190,15,R,SS,5,NULL,NULL,NULL,NULL,NULL,NULL,3,5,1
Jeff,Conine,Jeff Conine,2000,BS,53,Orioles,7,0,1,2,2,9,0,4,0,2,180,10,R,1B,1,NULL,NULL,NULL,NULL,NULL,NULL,3,6,1
Delino,Deshields,Delino Deshields,2000,BS,54,Orioles,8,0,3,2,5,8,1,0,0,1,230,20,L,2B,3,NULL,NULL,NULL,NULL,NULL,NULL,5,2,1
Charles,Johnson,Charles Johnson,2000,BS,56,Orioles,8,3,1,1,6,6,0,1,0,2,220,10,R,C,8,NULL,NULL,NULL,NULL,NULL,NULL,5,3,1
Jeff,Reboulet,Jeff Reboulet,2000,BS,60,Orioles,7,0,3,2,12,3,0,0,0,0,80,15,R,2B,5,3B,3,NULL,NULL,NULL,NULL,5,0,2
Cal,Ripken Jr.,Cal Ripken Jr.,2000,BS,61,Orioles,8,0,3,1,0,8,0,4,0,4,350,10,R,3B,2,NULL,NULL,NULL,NULL,NULL,NULL,4,8,1
B.,J. Surhoff,B. J. Surhoff,2000,BS,62,Orioles,8,0,2,3,1,9,0,2,0,3,300,15,L,LFRF,2,NULL,NULL,NULL,NULL,NULL,NULL,5,5,1
Damon,Buford,Damon Buford,2000,BS,65,Red Sox,6,2,1,1,3,6,2,3,0,2,150,20,R,OF,0,NULL,NULL,NULL,NULL,NULL,NULL,4,7,1
Nomar,Garciaparra,Nomar Garciaparra,2000,BS,67,Red Sox,10,0,2,2,3,7,1,3,0,2,470,15,R,SS,1,NULL,NULL,NULL,NULL,NULL,NULL,4,6,1
Butch,Huskey,Butch Huskey,2000,BS,68,Red Sox,7,0,1,2,3,8,0,1,0,5,290,15,R,LFRF,2,NULL,NULL,NULL,NULL,NULL,NULL,3,6,1
Darren,Lewis,Darren Lewis,2000,BS,69,Red Sox,7,0,4,1,5,7,2,0,1,0,140,20,R,CF,3,LFRF,2,NULL,NULL,NULL,NULL,5,3,2
Trot,Nixon,Trot Nixon,2000,BS,72,Red Sox,8,1,1,2,6,5,0,2,1,2,260,15,L,LFRF,1,NULL,NULL,NULL,NULL,NULL,NULL,4,5,1
Jose,Offerman,Jose Offerman,2000,BS,73,Red Sox,9,0,2,2,6,5,1,2,1,1,320,15,S,2B,2,NULL,NULL,NULL,NULL,NULL,NULL,4,5,1
Troy,OLeary,Troy OLeary,2000,BS,74,Red Sox,8,1,2,2,3,6,0,2,1,3,270,10,L,LFRF,0,NULL,NULL,NULL,NULL,NULL,NULL,5,6,1
Mike,Stanley,Mike Stanley,2000,BS,77,Red Sox,9,2,0,2,7,5,0,2,0,2,290,10,R,1B,0,NULL,NULL,NULL,NULL,NULL,NULL,4,4,1
John,Valentin,John Valentin,2000,BS,78,Red Sox,6,0,0,2,4,8,0,3,0,3,140,10,R,3B,2,NULL,NULL,NULL,NULL,NULL,NULL,2,6,1
Jason,Varitek,Jason Varitek,2000,BS,79,Red Sox,7,1,1,2,3,5,0,5,0,3,230,10,S,C,5,NULL,NULL,NULL,NULL,NULL,NULL,4,8,1
Jeff,Blauser,Jeff Blauser,2000,BS,82,Cubs,8,3,1,1,7,4,0,0,1,3,320,15,R,2B,2,SS,2,3B,1,NULL,NULL,5,4,3
Gary,Gaetti,Gary Gaetti,2000,BS,84,Cubs,5,0,3,2,4,6,0,0,0,5,100,10,R,3B,3,NULL,NULL,NULL,NULL,NULL,NULL,5,5,1
Mark,Grace,Mark Grace,2000,BS,85,Cubs,9,0,2,2,5,6,0,3,1,1,300,15,L,1B,0,NULL,NULL,NULL,NULL,NULL,NULL,4,5,1
Lance,Johnson,Lance Johnson,2000,BS,86,Cubs,7,0,3,0,5,8,2,0,2,0,180,20,L,OF,2,NULL,NULL,NULL,NULL,NULL,NULL,3,4,1
Mickey,Morandini,Mickey Morandini,2000,BS,88,Cubs,7,0,3,2,5,7,1,1,1,0,110,15,L,2B,3,NULL,NULL,NULL,NULL,NULL,NULL,5,3,1
Jose,Nieves,Jose Nieves,2000,BS,89,Cubs,6,0,2,2,1,12,0,2,0,1,70,10,R,SS,0,NULL,NULL,NULL,NULL,NULL,NULL,4,3,1
Jeff,Reed,Jeff Reed,2000,BS,90,Cubs,9,2,2,1,7,5,0,2,1,0,180,10,L,C,4,NULL,NULL,NULL,NULL,NULL,NULL,5,3,1
Henry,Rodriguez,Henry Rodriguez,2000,BS,91,Cubs,9,3,0,2,4,6,0,2,0,3,390,15,L,LFRF,1,NULL,NULL,NULL,NULL,NULL,NULL,5,5,1
Benito,Santiago,Benito Santiago,2000,BS,93,Cubs,6,1,1,1,3,9,0,2,1,2,140,15,R,C,7,NULL,NULL,NULL,NULL,NULL,NULL,3,5,1
Sammy,Sosa,Sammy Sosa,2000,BS,94,Cubs,8,2,0,2,4,4,0,1,0,7,480,15,R,LFRF,1,NULL,NULL,NULL,NULL,NULL,NULL,4,8,1
Mike,Caruso,Mike Caruso,2000,BS,97,White Sox,5,0,2,0,0,15,2,0,1,0,50,15,L,SS,3,NULL,NULL,NULL,NULL,NULL,NULL,2,3,1
Ray,Durham,Ray Durham,2000,BS,98,White Sox,9,1,3,1,4,6,2,1,1,1,370,20,S,2B,2,NULL,NULL,NULL,NULL,NULL,NULL,5,5,1
Brook,Fordyce,Brook Fordyce,2000,BS,99,White Sox,8,0,3,2,2,8,0,4,0,1,230,15,R,C,6,NULL,NULL,NULL,NULL,NULL,NULL,5,5,1
Paul,Konerko,Paul Konerko,2000,BS,101,White Sox,8,0,3,2,3,6,0,2,1,3,270,10,R,1B,0,NULL,NULL,NULL,NULL,NULL,NULL,5,6,1
Carlos,Lee,Carlos Lee,2000,BS,102,White Sox,7,0,2,3,0,9,0,3,0,3,220,15,R,LFRF,1,NULL,NULL,NULL,NULL,NULL,NULL,5,6,1
Greg,Norton,Greg Norton,2000,BS,103,White Sox,8,1,2,1,7,5,0,2,0,2,240,15,S,3B,0,NULL,NULL,NULL,NULL,NULL,NULL,4,4,1
Magglio,Ordonez,Magglio Ordonez,2000,BS,104,White Sox,8,0,3,2,1,7,1,2,1,3,320,15,R,LFRF,2,NULL,NULL,NULL,NULL,NULL,NULL,5,7,1
Chris,Singleton,Chris Singleton,2000,BS,107,White Sox,7,0,2,2,0,7,2,3,1,3,310,20,L,CF,3,LFRF,2,NULL,NULL,NULL,NULL,4,9,2
Frank,Thomas,Frank Thomas,2000,BS,109,White Sox,10,0,2,3,6,6,0,2,0,1,340,15,R,1B,0,NULL,NULL,NULL,NULL,NULL,NULL,5,3,1
Craig,Wilson,Craig Wilson,2000,BS,110,White Sox,6,0,2,1,4,11,0,0,0,2,100,15,R,3B,1,NULL,NULL,NULL,NULL,NULL,NULL,3,2,1
Aaron,Boone,Aaron Boone,2000,BS,111,Reds,7,0,2,2,2,7,2,2,1,2,240,20,R,3B,2,NULL,NULL,NULL,NULL,NULL,NULL,4,7,1
Mike,Cameron,Mike Cameron,2000,BS,112,Reds,8,3,0,1,7,1,2,3,1,2,340,20,R,OF,2,NULL,NULL,NULL,NULL,NULL,NULL,4,8,1
Sean,Casey,Sean Casey,2000,BS,113,Reds,9,1,2,1,3,8,0,3,0,2,320,10,L,1B,0,NULL,NULL,NULL,NULL,NULL,NULL,4,5,1
Barry,Larkin,Barry Larkin,2000,BS,116,Reds,9,0,3,1,6,5,2,2,0,1,360,20,R,SS,5,NULL,NULL,NULL,NULL,NULL,NULL,4,5,1
Pokey,Reese,Pokey Reese,2000,BS,117,Reds,7,0,2,2,1,7,3,3,1,1,240,20,R,2B,5,NULL,NULL,NULL,NULL,NULL,NULL,4,8,1
Eddie,Taubensee,Eddie Taubensee,2000,BS,119,Reds,8,0,2,2,1,9,0,2,0,4,330,10,L,C,2,NULL,NULL,NULL,NULL,NULL,NULL,4,6,1
Michael,Tucker,Michael Tucker,2000,BS,121,Reds,7,2,0,1,6,5,2,0,1,3,260,20,L,LFRF,1,NULL,NULL,NULL,NULL,NULL,NULL,3,6,1
Greg,Vaughn,Greg Vaughn,2000,BS,122,Reds,8,2,1,2,7,1,1,1,0,5,410,20,R,LFRF,2,NULL,NULL,NULL,NULL,NULL,NULL,5,7,1
Dmitri,Young,Dmitri Young,2000,BS,125,Reds,8,1,3,0,2,7,0,4,0,3,330,15,S,LFRF,1,NULL,NULL,NULL,NULL,NULL,NULL,4,7,1
Roberto,Alomar,Roberto Alomar,2000,BS,126,Indians,10,1,1,2,6,4,2,2,0,2,560,20,S,2B,3,NULL,NULL,NULL,NULL,NULL,NULL,4,6,1
Harold,Baines,Harold Baines,2000,BS,127,Indians,9,0,2,2,4,8,0,1,0,3,340,10,L,DH,0,NULL,NULL,NULL,NULL,NULL,NULL,4,4,1
Einar,Diaz,Einar Diaz,2000,BS,130,Indians,7,0,2,2,2,10,1,2,0,1,160,15,R,C,7,NULL,NULL,NULL,NULL,NULL,NULL,4,4,1
Travis,Fryman,Travis Fryman,2000,BS,131,Indians,6,0,1,2,3,8,0,3,0,3,150,15,R,3B,2,NULL,NULL,NULL,NULL,NULL,NULL,3,6,1
David,Justice,David Justice,2000,BS,133,Indians,10,2,2,1,7,5,0,1,0,2,350,10,L,LFRF,2,NULL,NULL,NULL,NULL,NULL,NULL,5,3,1
Kenny,Lofton,Kenny Lofton,2000,BS,134,Indians,10,2,2,1,6,5,1,2,0,1,440,20,L,CF,2,LFRF,1,NULL,NULL,NULL,NULL,5,4,2
Manny,Ramirez,Manny Ramirez,2000,BS,136,Indians,10,2,0,1,6,5,0,2,0,4,560,10,R,LFRF,1,NULL,NULL,NULL,NULL,NULL,NULL,3,6,1
Richie,Sexson,Richie Sexson,2000,BS,137,Indians,6,1,1,0,3,5,0,1,2,7,290,15,R,LFRF,0,1B,0,NULL,NULL,NULL,NULL,2,10,2
Jim,Thome,Jim Thome,2000,BS,139,Indians,10,4,0,0,9,3,0,1,0,3,430,10,L,1B,0,NULL,NULL,NULL,NULL,NULL,NULL,4,4,1
Omar,Vizquel,Omar Vizquel,2000,BS,140,Indians,10,0,2,3,4,7,2,2,0,0,410,20,S,SS,5,NULL,NULL,NULL,NULL,NULL,NULL,5,4,1
Enrique,Wilson,Enrique Wilson,2000,BS,141,Indians,7,0,3,2,2,8,1,4,0,0,130,15,S,2B,1,SS,1,3B,1,NULL,NULL,5,5,3
Kurt,Abbott,Kurt Abbott,2000,BS,142,Rockies,7,3,1,1,0,9,0,3,1,2,220,15,R,2B,4,NULL,NULL,NULL,NULL,NULL,NULL,5,6,1
Jeff,Barry,Jeff Barry,2000,BS,144,Rockies,7,0,0,3,6,4,0,5,0,2,190,10,S,CF,0,LFRF,1,NULL,NULL,NULL,NULL,3,7,2
Dante,Bichette,Dante Bichette,2000,BS,145,Rockies,8,0,2,2,3,6,0,3,0,4,350,15,R,LFRF,0,NULL,NULL,NULL,NULL,NULL,NULL,4,7,1
Henry,Blanco,Henry Blanco,2000,BS,146,Rockies,7,0,0,5,6,5,0,1,1,2,190,15,R,C,8,NULL,NULL,NULL,NULL,NULL,NULL,5,4,1
Vinny,Castilla,Vinny Castilla,2000,BS,148,Rockies,7,0,2,2,2,8,0,1,0,5,290,15,R,3B,2,NULL,NULL,NULL,NULL,NULL,NULL,4,6,1
Todd,Helton,Todd Helton,2000,BS,150,Rockies,9,0,2,2,4,6,0,2,1,3,420,15,L,1B,0,NULL,NULL,NULL,NULL,NULL,NULL,4,6,1
Neifi,Perez,Neifi Perez,2000,BS,153,Rockies,6,0,1,1,0,12,1,1,2,2,180,15,S,SS,5,NULL,NULL,NULL,NULL,NULL,NULL,2,6,1
Terry,Shumpert,Terry Shumpert,2000,BS,154,Rockies,10,1,0,4,3,5,1,4,0,2,560,20,R,2B,4,NULL,NULL,NULL,NULL,NULL,NULL,5,7,1
Larry,Walker,Larry Walker,2000,BS,156,Rockies,10,0,1,1,5,6,1,2,0,4,620,15,L,LFRF,0,NULL,NULL,NULL,NULL,NULL,NULL,2,7,1
Brad,Ausmus,Brad Ausmus,2000,BS,157,Tigers,8,0,2,1,6,6,1,2,1,1,240,15,R,C,7,NULL,NULL,NULL,NULL,NULL,NULL,3,5,1
Frank,Catalanotto,Frank Catalanotto,2000,BS,158,Tigers,7,1,1,2,2,8,0,3,0,3,250,15,L,2B,1,1B,1,3B,1,NULL,NULL,4,6,3
Tony,Clark,Tony Clark,2000,BS,159,Tigers,8,2,1,1,5,6,0,2,0,3,300,15,S,1B,0,NULL,NULL,NULL,NULL,NULL,NULL,4,5,1
Deivi,Cruz,Deivi Cruz,2000,BS,160,Tigers,6,0,2,1,0,11,0,4,0,2,140,10,R,SS,5,NULL,NULL,NULL,NULL,NULL,NULL,3,6,1
Damion,Easley,Damion Easley,2000,BS,161,Tigers,8,2,2,1,5,5,1,2,0,2,240,15,R,2B,2,NULL,NULL,NULL,NULL,NULL,NULL,5,5,1
Juan,Encarnacion,Juan Encarnacion,2000,BS,162,Tigers,6,2,2,1,0,2,4,4,1,4,220,20,R,LFRF,2,NULL,NULL,NULL,NULL,NULL,NULL,5,13,1
Karim,Garcia,Karim Garcia,2000,BS,163,Tigers,5,1,0,1,1,7,0,0,2,8,200,15,L,LFRF,1,NULL,NULL,NULL,NULL,NULL,NULL,2,10,1
Bobby,Higginson,Bobby Higginson,2000,BS,164,Tigers,8,1,1,3,8,4,0,1,0,2,210,15,L,LFRF,1,NULL,NULL,NULL,NULL,NULL,NULL,5,3,1
Gabe,Kapler,Gabe Kapler,2000,BS,166,Tigers,7,0,2,3,4,3,1,2,1,4,310,20,R,CF,2,LFRF,1,NULL,NULL,NULL,NULL,5,8,2
Dean,Palmer,Dean Palmer,2000,BS,170,Tigers,7,2,0,1,5,5,0,1,0,6,320,15,R,3B,1,NULL,NULL,NULL,NULL,NULL,NULL,3,7,1
Bruce,Aven,Bruce Aven,2000,BS,173,Marlins,9,2,1,2,5,7,0,1,0,2,320,15,R,LFRF,1,NULL,NULL,NULL,NULL,NULL,NULL,5,3,1
Dave,Berg,Dave Berg,2000,BS,174,Marlins,8,2,1,1,3,10,0,2,0,1,260,15,R,2B,3,SS,3,3B,1,NULL,NULL,4,3,3
Luis,Castillo,Luis Castillo,2000,BS,175,Marlins,9,1,3,0,5,6,3,1,1,0,330,20,S,2B,3,NULL,NULL,NULL,NULL,NULL,NULL,4,5,1
Alex,Gonzalez,Alex Gonzalez,2000,BS,178,Marlins,6,1,0,1,0,11,0,2,2,3,190,15,R,SS,2,NULL,NULL,NULL,NULL,NULL,NULL,2,7,1
Mark,Kotsay,Mark Kotsay,2000,BS,179,Marlins,6,0,1,2,0,10,1,2,2,2,150,15,L,LFRF,1,NULL,NULL,NULL,NULL,NULL,NULL,3,7,1
Derrek,Lee,Derrek Lee,2000,BS,180,Marlins,5,3,0,0,3,7,1,2,0,4,100,15,R,1B,1,NULL,NULL,NULL,NULL,NULL,NULL,3,7,1
Mike,Lowell,Mike Lowell,2000,BS,182,Marlins,7,2,0,2,4,7,0,2,0,3,200,10,R,3B,2,NULL,NULL,NULL,NULL,NULL,NULL,4,5,1
Mike,Redmond,Mike Redmond,2000,BS,184,Marlins,9,1,2,1,4,11,0,1,0,0,200,10,R,C,7,NULL,NULL,NULL,NULL,NULL,NULL,4,1,1
Preston,Wilson,Preston Wilson,2000,BS,186,Marlins,8,4,0,1,4,5,1,1,0,4,350,15,R,OF,0,NULL,NULL,NULL,NULL,NULL,NULL,5,6,1
Jeff,Bagwell,Jeff Bagwell,2000,BS,187,Astros,10,1,0,2,9,3,1,1,0,3,570,20,L,1B,0,NULL,NULL,NULL,NULL,NULL,NULL,3,5,1
Derek,Bell,Derek Bell,2000,BS,188,Astros,6,1,1,0,6,7,2,1,0,2,140,20,R,LFRF,1,NULL,NULL,NULL,NULL,NULL,NULL,2,5,1
Craig,Biggio,Craig Biggio,2000,BS,189,Astros,9,1,3,1,5,5,1,3,0,1,350,20,R,2B,3,NULL,NULL,NULL,NULL,NULL,NULL,5,5,1
Tim,Bogar,Tim Bogar,2000,BS,190,Astros,7,0,3,2,5,6,0,2,1,1,160,15,R,SS,5,NULL,NULL,NULL,NULL,NULL,NULL,5,4,1
Ken,Caminiti,Ken Caminiti,2000,BS,191,Astros,9,1,2,2,6,5,1,1,0,2,330,15,S,3B,1,NULL,NULL,NULL,NULL,NULL,NULL,5,4,1
Tony,Eusebio,Tony Eusebio,2000,BS,193,Astros,8,2,3,0,4,9,0,1,0,1,170,10,R,C,7,NULL,NULL,NULL,NULL,NULL,NULL,5,2,1
Carl,Everett,Carl Everett,2000,BS,194,Astros,9,1,1,2,4,4,2,3,0,3,540,20,S,OF,2,NULL,NULL,NULL,NULL,NULL,NULL,4,8,1
Richard,Hidalgo,Richard Hidalgo,2000,BS,196,Astros,7,0,1,3,8,1,1,3,0,3,200,15,R,LFRF,1,NULL,NULL,NULL,NULL,NULL,NULL,4,7,1
Stan,Javier,Stan Javier,2000,BS,197,Astros,8,0,4,1,3,9,2,1,0,0,200,20,S,LFRF,1,NULL,NULL,NULL,NULL,NULL,NULL,5,3,1
Bill,Spiers,Bill Spiers,2000,BS,201,Astros,8,0,2,2,4,8,1,1,1,1,220,15,L,3B,1,NULL,NULL,NULL,NULL,NULL,NULL,4,4,1
Carlos,Beltran,Carlos Beltran,2000,BS,203,Royals,7,1,1,1,1,9,2,1,1,3,320,20,S,OF,1,NULL,NULL,NULL,NULL,NULL,NULL,3,7,1
Johnny,Damon,Johnny Damon,2000,BS,204,Royals,9,0,3,2,4,5,2,2,1,1,360,20,L,LFRF,1,NULL,NULL,NULL,NULL,NULL,NULL,5,6,1
Jermaine,Dye,Jermaine Dye,2000,BS,205,Royals,8,1,2,2,3,5,0,3,1,3,310,15,R,LFRF,1,NULL,NULL,NULL,NULL,NULL,NULL,5,7,1
Carlos,Febles,Carlos Febles,2000,BS,206,Royals,8,2,3,0,5,4,2,2,1,1,270,20,R,2B,3,NULL,NULL,NULL,NULL,NULL,NULL,5,6,1
Jeremy,Giambi,Jeremy Giambi,2000,BS,207,Royals,8,2,1,0,6,9,0,1,0,1,170,10,L,1B,0,NULL,NULL,NULL,NULL,NULL,NULL,3,2,1
Chad,Kreuter,Chad Kreuter,2000,BS,208,Royals,6,1,1,0,7,8,0,2,0,1,90,10,S,C,7,NULL,NULL,NULL,NULL,NULL,NULL,2,3,1
Joe,Randa,Joe Randa,2000,BS,210,Royals,8,0,1,2,2,10,0,2,1,2,290,15,R,3B,1,NULL,NULL,NULL,NULL,NULL,NULL,3,5,1
Rey,Sanchez,Rey Sanchez,2000,BS,212,Royals,7,0,4,0,0,13,1,1,1,0,150,15,R,SS,5,NULL,NULL,NULL,NULL,NULL,NULL,4,3,1
Tim,Spehr,Tim Spehr,2000,BS,214,Royals,7,2,0,2,10,0,0,1,0,5,260,15,R,C,3,NULL,NULL,NULL,NULL,NULL,NULL,4,6,1
Mike,Sweeney,Mike Sweeney,2000,BS,216,Royals,9,0,3,1,4,7,0,3,0,2,340,15,R,1B,0,NULL,NULL,NULL,NULL,NULL,NULL,4,5,1
Adrian,Beltre,Adrian Beltre,2000,BS,218,Dodgers,8,1,2,2,4,6,1,1,1,2,310,20,R,3B,2,NULL,NULL,NULL,NULL,NULL,NULL,5,5,1
Mark,Grudzielanek,Mark Grudzielanek,2000,BS,221,Dodgers,9,1,3,1,2,10,0,1,1,1,300,15,R,SS,1,NULL,NULL,NULL,NULL,NULL,NULL,5,3,1
Dave,Hansen,Dave Hansen,2000,BS,222,Dodgers,10,2,1,2,9,3,0,2,0,1,290,10,L,1B,0,3B,0,NULL,NULL,NULL,NULL,5,3,2
Todd,Hundley,Todd Hundley,2000,BS,223,Dodgers,6,2,0,2,7,1,0,1,0,7,240,15,L,C,4,NULL,NULL,NULL,NULL,NULL,NULL,4,8,1
Eric,Karros,Eric Karros,2000,BS,224,Dodgers,8,1,1,2,3,5,1,3,0,4,360,15,R,1B,0,NULL,NULL,NULL,NULL,NULL,NULL,4,8,1
Raul,Mondesi,Raul Mondesi,2000,BS,225,Dodgers,7,1,1,2,5,1,3,1,1,5,340,20,R,LFRF,1,NULL,NULL,NULL,NULL,NULL,NULL,4,10,1
Gary,Sheffield,Gary Sheffield,2000,BS,228,Dodgers,10,0,2,3,6,6,0,0,0,3,460,15,R,LFRF,0,NULL,NULL,NULL,NULL,NULL,NULL,5,3,1
Jose,Vizcaino,Jose Vizcaino,2000,BS,230,Dodgers,6,0,3,0,3,14,0,0,0,0,80,15,S,2B,4,SS,4,NULL,NULL,NULL,NULL,3,0,2
Devon,White,Devon White,2000,BS,231,Dodgers,7,1,1,1,4,7,2,1,0,3,290,20,S,OF,1,NULL,NULL,NULL,NULL,NULL,NULL,3,6,1
Eric,Young,Eric Young,2000,BS,232,Dodgers,9,0,3,2,6,5,3,1,0,0,270,20,R,2B,3,NULL,NULL,NULL,NULL,NULL,NULL,5,4,1
Ron,Belliard,Ron Belliard,2000,BS,233,Brewers,9,0,3,2,5,7,0,2,0,1,270,15,R,2B,2,NULL,NULL,NULL,NULL,NULL,NULL,5,3,1
Sean,Berry,Sean Berry,2000,BS,234,Brewers,5,0,1,1,3,12,0,2,0,1,30,10,R,1B,0,NULL,NULL,NULL,NULL,NULL,NULL,2,3,1
Jeromy,Burnitz,Jeromy Burnitz,2000,BS,235,Brewers,10,3,0,2,8,2,0,2,0,3,470,15,L,LFRF,1,NULL,NULL,NULL,NULL,NULL,NULL,5,5,1
Jeff,Cirillo,Jeff Cirillo,2000,BS,236,Brewers,10,1,2,2,4,8,0,2,0,1,370,15,R,3B,3,NULL,NULL,NULL,NULL,NULL,NULL,5,3,1
Marquis,Grissom,Marquis Grissom,2000,BS,237,Brewers,7,1,2,2,2,7,2,1,0,3,260,20,R,OF,1,NULL,NULL,NULL,NULL,NULL,NULL,5,6,1
Geoff,Jenkins,Geoff Jenkins,2000,BS,238,Brewers,8,1,1,1,2,6,0,5,1,3,360,15,L,LFRF,1,NULL,NULL,NULL,NULL,NULL,NULL,3,9,1
Mark,Loretta,Mark Loretta,2000,BS,240,Brewers,8,0,2,2,4,9,0,2,1,0,190,15,R,SS,1,1B,1,NULL,NULL,NULL,NULL,4,3,2
David,Nilsson,David Nilsson,2000,BS,242,Brewers,10,1,1,3,5,6,0,1,0,3,450,10,L,C,4,NULL,NULL,NULL,NULL,NULL,NULL,5,4,1
Alex,Ochoa,Alex Ochoa,2000,BS,244,Brewers,10,0,3,2,6,5,1,2,0,1,340,15,R,LFRF,1,NULL,NULL,NULL,NULL,NULL,NULL,5,4,1
Jose,Valentin,Jose Valentin,2000,BS,245,Brewers,7,1,0,3,9,3,0,0,1,3,210,15,S,SS,1,NULL,NULL,NULL,NULL,NULL,NULL,4,4,1
Chad,Allen,Chad Allen,2000,BS,248,Twins,7,1,2,0,2,10,1,1,1,2,240,20,R,LFRF,1,NULL,NULL,NULL,NULL,NULL,NULL,3,5,1
Ron,Coomer,Ron Coomer,2000,BS,249,Twins,6,0,1,1,1,10,0,3,0,4,200,15,R,1B,1,3B,3,NULL,NULL,NULL,NULL,2,7,2
Cristian,Guzman,Cristian Guzman,2000,BS,250,Twins,5,0,2,0,1,15,2,0,0,0,20,15,S,SS,0,NULL,NULL,NULL,NULL,NULL,NULL,2,2,1
Denny,Hocking,Denny Hocking,2000,BS,251,Twins,6,0,2,1,1,10,2,2,0,2,200,20,S,2B,2,SS,2,OF,1,NULL,NULL,3,6,3
Torii,Hunter,Torii Hunter,2000,BS,252,Twins,6,0,2,0,3,9,2,1,0,3,160,15,R,OF,1,NULL,NULL,NULL,NULL,NULL,NULL,2,6,1
Corey,Koskie,Corey Koskie,2000,BS,253,Twins,9,2,1,1,4,8,0,2,0,2,350,15,L,3B,2,NULL,NULL,NULL,NULL,NULL,NULL,4,4,1
Matt,Lawton,Matt Lawton,2000,BS,254,Twins,8,0,4,1,6,5,2,1,0,1,220,20,L,LFRF,1,NULL,NULL,NULL,NULL,NULL,NULL,5,4,1
Doug,Mientkiewicz,Doug Mientkiewicz,2000,BS,256,Twins,7,0,1,3,7,5,0,3,1,0,90,10,L,1B,1,NULL,NULL,NULL,NULL,NULL,NULL,4,4,1
Terry,Steinbach,Terry Steinbach,2000,BS,259,Twins,8,0,3,1,4,9,0,1,1,1,220,15,R,C,4,NULL,NULL,NULL,NULL,NULL,NULL,4,3,1
Todd,Walker,Todd Walker,2000,BS,261,Twins,7,0,2,1,3,6,2,4,1,1,220,20,L,2B,1,NULL,NULL,NULL,NULL,NULL,NULL,3,8,1
Shane,Andrews,Shane Andrews,2000,BS,263,Expos,6,3,1,1,9,1,0,0,0,5,140,10,R,3B,1,NULL,NULL,NULL,NULL,NULL,NULL,5,5,1
Michael,Barrett,Michael Barrett,2000,BS,264,Expos,7,0,2,1,2,9,0,4,1,1,170,10,R,C,4,3B,0,NULL,NULL,NULL,NULL,3,6,2
Orlando,Cabrera,Orlando Cabrera,2000,BS,265,Expos,6,0,3,2,0,8,0,4,1,2,150,15,R,SS,5,NULL,NULL,NULL,NULL,NULL,NULL,5,7,1
Brad,Fullmer,Brad Fullmer,2000,BS,266,Expos,6,0,1,1,0,7,0,8,0,3,180,15,L,1B,0,NULL,NULL,NULL,NULL,NULL,NULL,2,11,1
Vladimir,Guerrero,Vladimir Guerrero,2000,BS,267,Expos,8,0,2,2,2,6,1,2,1,4,370,15,R,LFRF,1,NULL,NULL,NULL,NULL,NULL,NULL,4,8,1
Wilton,Guerrero,Wilton Guerrero,2000,BS,268,Expos,7,0,4,0,0,11,1,2,2,0,150,15,S,2B,1,NULL,NULL,NULL,NULL,NULL,NULL,4,5,1
Manny,Martinez,Manny Martinez,2000,BS,271,Expos,5,0,1,1,0,8,5,1,4,0,90,20,R,OF,1,NULL,NULL,NULL,NULL,NULL,NULL,2,10,1
Jose,Vidro,Jose Vidro,2000,BS,275,Expos,8,0,3,2,1,7,0,5,0,2,260,10,S,2B,1,NULL,NULL,NULL,NULL,NULL,NULL,5,7,1
Rondell,White,Rondell White,2000,BS,276,Expos,8,0,3,1,2,8,1,1,1,3,340,15,R,OF,2,NULL,NULL,NULL,NULL,NULL,NULL,4,6,1
Chris,Widger,Chris Widger,2000,BS,277,Expos,7,2,1,1,3,7,0,3,0,3,210,10,R,C,4,NULL,NULL,NULL,NULL,NULL,NULL,4,6,1
Edgardo,Alfonzo,Edgardo Alfonzo,2000,BS,278,Mets,9,0,1,4,5,6,0,2,0,2,350,15,R,2B,5,NULL,NULL,NULL,NULL,NULL,NULL,5,4,1
Roger,Cedeno,Roger Cedeno,2000,BS,280,Mets,10,3,2,0,5,4,4,1,1,0,400,20,S,LFRF,1,NULL,NULL,NULL,NULL,NULL,NULL,5,6,1
Shawon,Dunston,Shawon Dunston,2000,BS,282,Mets,7,1,1,1,0,11,2,1,1,2,270,20,R,CF,2,LFRF,1,NULL,NULL,NULL,NULL,3,6,2
Matt,Franco,Matt Franco,2000,BS,283,Mets,8,0,3,1,8,5,0,1,0,2,210,10,L,1B,0,3B,0,LFRF,1,NULL,NULL,4,3,3
Darryl,Hamilton,Darryl Hamilton,2000,BS,284,Mets,9,0,3,1,4,10,0,1,0,1,290,15,L,OF,1,NULL,NULL,NULL,NULL,NULL,NULL,4,2,1
Rickey,Henderson,Rickey Henderson,2000,BS,285,Mets,10,1,1,1,7,5,2,2,0,1,450,20,R,LFRF,1,NULL,NULL,NULL,NULL,NULL,NULL,3,5,1
John,Olerud,John Olerud,2000,BS,288,Mets,10,0,3,1,8,5,0,2,0,1,290,10,L,1B,1,NULL,NULL,NULL,NULL,NULL,NULL,4,3,1
Rey,Ordonez,Rey Ordonez,2000,BS,289,Mets,6,0,2,1,1,13,1,2,0,0,90,15,R,SS,5,NULL,NULL,NULL,NULL,NULL,NULL,3,3,1
Mike,Piazza,Mike Piazza,2000,BS,290,Mets,8,0,2,2,2,7,0,2,0,5,410,15,R,C,4,NULL,NULL,NULL,NULL,NULL,NULL,4,7,1
Robin,Ventura,Robin Ventura,2000,BS,292,Mets,9,1,1,3,4,6,0,2,0,3,370,10,L,3B,3,NULL,NULL,NULL,NULL,NULL,NULL,5,5,1
Scott,Brosius,Scott Brosius,2000,BS,295,Yankees,6,0,1,2,4,5,1,3,0,4,190,15,R,3B,3,NULL,NULL,NULL,NULL,NULL,NULL,3,8,1
Chad,Curtis,Chad Curtis,2000,BS,298,Yankees,10,1,2,2,8,5,1,0,0,1,310,15,R,LFRF,2,NULL,NULL,NULL,NULL,NULL,NULL,5,2,1
Chili,Davis,Chili Davis,2000,BS,299,Yankees,8,1,2,1,6,6,0,2,0,2,230,15,S,DH,0,NULL,NULL,NULL,NULL,NULL,NULL,4,4,1
Derek,Jeter,Derek Jeter,2000,BS,301,Yankees,10,1,2,0,5,7,1,1,1,2,490,15,R,SS,3,NULL,NULL,NULL,NULL,NULL,NULL,3,5,1
Chuck,Knoblauch,Chuck Knoblauch,2000,BS,302,Yankees,9,0,1,3,7,5,1,2,0,1,330,20,R,2B,1,NULL,NULL,NULL,NULL,NULL,NULL,4,4,1
Ricky,Ledee,Ricky Ledee,2000,BS,303,Yankees,7,2,0,1,4,6,1,2,1,3,240,15,L,LFRF,1,NULL,NULL,NULL,NULL,NULL,NULL,3,7,1
Tino,Martinez,Tino Martinez,2000,BS,304,Yankees,7,0,1,2,5,6,0,2,0,4,250,15,L,1B,1,NULL,NULL,NULL,NULL,NULL,NULL,3,6,1
Paul,O'Neill,Paul O'Neill,2000,BS,306,Yankees,8,0,3,1,4,6,1,3,0,2,260,15,L,LFRF,1,NULL,NULL,NULL,NULL,NULL,NULL,4,6,1
Jorge,Posada,Jorge Posada,2000,BS,308,Yankees,7,2,1,0,8,5,0,2,0,2,160,10,S,C,5,NULL,NULL,NULL,NULL,NULL,NULL,3,4,1
Bernie,Williams,Bernie Williams,2000,BS,311,Yankees,10,1,2,1,4,8,0,1,1,2,510,15,S,OF,1,NULL,NULL,NULL,NULL,NULL,NULL,4,4,1
Eric,Chavez,Eric Chavez,2000,BS,313,Athletics,7,0,2,2,5,5,0,2,1,3,210,10,L,3B,3,NULL,NULL,NULL,NULL,NULL,NULL,4,6,1
Ryan,Christenson,Ryan Christenson,2000,BS,314,Athletics,6,1,1,2,9,4,1,1,0,1,70,15,R,OF,1,NULL,NULL,NULL,NULL,NULL,NULL,4,3,1
Jason,Giambi,Jason Giambi,2000,BS,315,Athletics,10,1,1,2,6,5,0,2,0,3,460,10,L,1B,0,NULL,NULL,NULL,NULL,NULL,NULL,4,5,1
Ben,Grieve,Ben Grieve,2000,BS,316,Athletics,8,1,2,1,6,5,0,1,0,4,320,15,L,LFRF,0,NULL,NULL,NULL,NULL,NULL,NULL,4,5,1
A.,J. Hinch,A. J. Hinch,2000,BS,319,Athletics,5,0,1,2,1,7,3,0,0,6,180,20,R,C,5,NULL,NULL,NULL,NULL,NULL,NULL,3,9,1
John,Jaha,John Jaha,2000,BS,320,Athletics,10,2,1,1,9,3,0,1,0,3,400,10,R,DH,0,NULL,NULL,NULL,NULL,NULL,NULL,4,4,1
Tony,Phillips,Tony Phillips,2000,BS,323,Athletics,8,1,1,2,8,2,1,2,1,2,300,15,S,2B,2,OF,1,NULL,NULL,NULL,NULL,4,6,2
Matt,Stairs,Matt Stairs,2000,BS,324,Athletics,8,1,1,2,7,3,0,1,0,5,360,15,L,LFRF,0,NULL,NULL,NULL,NULL,NULL,NULL,4,6,1
Miguel,Tejada,Miguel Tejada,2000,BS,325,Athletics,7,0,3,2,5,3,1,2,1,3,220,15,R,SS,2,NULL,NULL,NULL,NULL,NULL,NULL,5,7,1
Randy,Velarde,Randy Velarde,2000,BS,326,Athletics,9,1,2,1,4,8,1,1,1,1,380,20,R,2B,4,NULL,NULL,NULL,NULL,NULL,NULL,4,4,1
Bobby,Abreu,Bobby Abreu,2000,BS,327,Phillies,10,2,1,0,6,5,1,2,1,2,550,20,L,LFRF,1,NULL,NULL,NULL,NULL,NULL,NULL,3,6,1
Marlon,Anderson,Marlon Anderson,2000,BS,328,Phillies,6,0,3,1,0,8,2,4,1,1,150,20,L,2B,3,NULL,NULL,NULL,NULL,NULL,NULL,4,8,1
Alex,Arias,Alex Arias,2000,BS,329,Phillies,8,0,3,1,3,10,0,2,0,1,220,15,R,SS,3,NULL,NULL,NULL,NULL,NULL,NULL,4,3,1
Rico,Brogna,Rico Brogna,2000,BS,330,Phillies,7,2,1,1,2,7,1,2,1,3,240,15,L,1B,1,NULL,NULL,NULL,NULL,NULL,NULL,4,7,1
Ron,Gant,Ron Gant,2000,BS,332,Phillies,9,2,1,2,7,3,1,1,1,2,330,15,R,LFRF,1,NULL,NULL,NULL,NULL,NULL,NULL,5,5,1
Doug,Glanville,Doug Glanville,2000,BS,333,Phillies,9,1,3,1,2,7,2,2,1,1,390,20,R,CF,2,LFRF,1,NULL,NULL,NULL,NULL,5,6,2
Kevin,Jordan,Kevin Jordan,2000,BS,335,Phillies,7,0,2,1,3,11,0,1,1,1,150,10,R,2B,1,3B,2,NULL,NULL,NULL,NULL,3,3,2
Mike,Lieberthal,Mike Lieberthal,2000,BS,336,Phillies,8,1,1,2,3,6,0,3,0,4,340,10,R,C,6,NULL,NULL,NULL,NULL,NULL,NULL,4,7,1
Scott,Rolen,Scott Rolen,2000,BS,339,Phillies,9,3,0,2,6,2,1,2,0,4,460,15,R,3B,3,NULL,NULL,NULL,NULL,NULL,NULL,5,7,1
Kevin,Sefcik,Kevin Sefcik,2000,BS,341,Phillies,9,0,4,1,5,5,1,3,1,0,310,20,R,OF,1,NULL,NULL,NULL,NULL,NULL,NULL,5,5,1
Mike,Benjamin,Mike Benjamin,2000,BS,342,Pirates,5,1,0,1,0,6,3,6,3,0,110,20,R,SS,5,NULL,NULL,NULL,NULL,NULL,NULL,2,12,1
Adrian,Brown,Adrian Brown,2000,BS,344,Pirates,8,1,3,0,6,7,1,0,1,1,210,15,S,OF,0,NULL,NULL,NULL,NULL,NULL,NULL,4,3,1
Brant,Brown,Brant Brown,2000,BS,345,Pirates,5,2,0,0,1,2,1,5,1,8,220,15,L,OF,1,NULL,NULL,NULL,NULL,NULL,NULL,2,15,1
Brian,Giles,Brian Giles,2000,BS,347,Pirates,10,0,1,3,6,4,0,2,0,4,610,15,L,OF,1,NULL,NULL,NULL,NULL,NULL,NULL,4,6,1
Jason,Kendall,Jason Kendall,2000,BS,348,Pirates,10,0,3,1,6,5,2,2,0,1,460,20,R,C,9,NULL,NULL,NULL,NULL,NULL,NULL,4,5,1
Al,Martin,Al Martin,2000,BS,349,Pirates,7,1,1,1,3,4,2,3,1,4,320,20,L,LFRF,1,NULL,NULL,NULL,NULL,NULL,NULL,3,10,1
Warren,Morris,Warren Morris,2000,BS,350,Pirates,8,0,2,2,4,9,0,1,0,2,260,15,L,2B,3,NULL,NULL,NULL,NULL,NULL,NULL,4,3,1
Ed,Sprague,Ed Sprague,2000,BS,354,Pirates,8,1,1,3,5,5,0,2,0,3,280,15,R,3B,0,NULL,NULL,NULL,NULL,NULL,NULL,5,5,1
Kevin,Young,Kevin Young,2000,BS,356,Pirates,9,2,0,2,5,4,1,3,1,2,440,20,R,1B,1,NULL,NULL,NULL,NULL,NULL,NULL,4,7,1
Ben,Davis,Ben Davis,2000,BS,358,Padres,6,2,1,0,3,9,0,3,0,2,150,15,S,C,9,NULL,NULL,NULL,NULL,NULL,NULL,3,5,1
Tony,Gwynn,Tony Gwynn,2000,BS,359,Padres,9,0,3,2,1,10,1,2,0,1,290,15,L,LFRF,1,NULL,NULL,NULL,NULL,NULL,NULL,5,4,1
Damian,Jackson,Damian Jackson,2000,BS,362,Padres,7,3,0,2,7,0,4,2,0,2,210,20,R,SS,3,NULL,NULL,NULL,NULL,NULL,NULL,5,8,1
Wally,Joyner,Wally Joyner,2000,BS,363,Padres,8,0,2,2,8,6,0,1,0,1,140,10,L,1B,0,NULL,NULL,NULL,NULL,NULL,NULL,4,2,1
Phil,Nevin,Phil Nevin,2000,BS,364,Padres,8,1,1,2,6,3,0,3,0,4,350,10,R,C,5,3B,3,NULL,NULL,NULL,NULL,4,7,2
Eric,Owens,Eric Owens,2000,BS,365,Padres,7,0,3,1,3,6,3,2,1,1,210,20,R,CF,2,LFRF,1,NULL,NULL,NULL,NULL,4,7,2
Ruben,Rivera,Ruben Rivera,2000,BS,366,Padres,6,4,0,1,9,0,0,1,0,5,210,20,R,OF,2,NULL,NULL,NULL,NULL,NULL,NULL,5,6,1
Reggie,Sanders,Reggie Sanders,2000,BS,367,Padres,9,2,1,2,5,3,2,1,1,3,470,20,R,LFRF,1,NULL,NULL,NULL,NULL,NULL,NULL,5,7,1
John,Vander Wal,John Vander Wal,2000,BS,368,Padres,9,3,2,0,6,5,0,3,0,1,280,15,L,LFRF,1,1B,0,NULL,NULL,NULL,NULL,5,4,2
Quilvio,Veras,Quilvio Veras,2000,BS,369,Padres,9,2,3,0,5,5,2,2,0,1,360,20,S,2B,3,NULL,NULL,NULL,NULL,NULL,NULL,5,5,1
Rich,Aurilia,Rich Aurilia,2000,BS,372,Giants,7,0,1,2,3,10,0,1,0,3,230,15,R,SS,3,NULL,NULL,NULL,NULL,NULL,NULL,3,4,1
Marvin,Benard,Marvin Benard,2000,BS,373,Giants,8,1,2,1,4,5,2,2,1,2,340,20,L,CF,1,LFRF,0,NULL,NULL,NULL,NULL,4,7,2
Barry,Bonds,Barry Bonds,2000,BS,374,Giants,9,0,1,4,7,0,1,2,0,5,560,20,L,LFRF,1,NULL,NULL,NULL,NULL,NULL,NULL,5,8,1
Ellis,Burks,Ellis Burks,2000,BS,375,Giants,9,1,1,2,7,3,1,1,0,4,440,15,R,LFRF,0,NULL,NULL,NULL,NULL,NULL,NULL,4,6,1
Jeff,Kent,Jeff Kent,2000,BS,379,Giants,8,1,0,2,5,4,1,4,0,3,340,15,R,2B,3,NULL,NULL,NULL,NULL,NULL,NULL,3,8,1
Brent,Mayne,Brent Mayne,2000,BS,380,Giants,9,2,1,1,5,7,0,4,0,0,250,15,L,C,6,NULL,NULL,NULL,NULL,NULL,NULL,4,4,1
Bill,Mueller,Bill Mueller,2000,BS,381,Giants,9,0,3,1,7,8,0,1,0,0,220,15,S,3B,3,NULL,NULL,NULL,NULL,NULL,NULL,4,1,1
F.,P. Santangelo,F. P. Santangelo,2000,BS,385,Giants,10,2,1,2,9,3,1,2,0,0,350,20,S,OF,1,NULL,NULL,NULL,NULL,NULL,NULL,5,3,1
J.,T. Snow,J. T. Snow,2000,BS,386,Giants,8,1,0,2,7,6,0,1,0,3,260,10,L,1B,0,NULL,NULL,NULL,NULL,NULL,NULL,3,4,1
David,Bell,David Bell,2000,BS,387,Mariners,7,0,2,2,4,6,1,2,0,3,220,15,R,2B,3,NULL,NULL,NULL,NULL,NULL,NULL,4,6,1
Jay,Buhner,Jay Buhner,2000,BS,388,Mariners,9,4,0,0,11,2,0,1,0,2,260,10,R,LFRF,0,NULL,NULL,NULL,NULL,NULL,NULL,4,3,1
Russ,Davis,Russ Davis,2000,BS,389,Mariners,6,1,0,2,3,7,0,1,0,6,220,15,R,3B,0,NULL,NULL,NULL,NULL,NULL,NULL,3,7,1
Ken,Griffey Jr.,Ken Griffey Jr.,2000,BS,391,Mariners,9,0,1,4,5,3,1,1,0,5,590,20,L,CF,2,LFRF,1,NULL,NULL,NULL,NULL,5,7,2
Brian,L. Hunter,Brian L. Hunter,2000,BS,393,Mariners,5,0,2,0,1,7,7,0,2,1,90,20,R,LFRF,2,NULL,NULL,NULL,NULL,NULL,NULL,2,10,1
Raul,Ibanez,Raul Ibanez,2000,BS,394,Mariners,6,0,1,1,2,9,2,1,0,4,190,15,L,LFRF,2,1B,0,NULL,NULL,NULL,NULL,2,7,2
Tom,Lampkin,Tom Lampkin,2000,BS,395,Mariners,8,0,2,3,2,7,0,2,1,3,340,15,L,C,9,NULL,NULL,NULL,NULL,NULL,NULL,5,6,1
Edgar,Martinez,Edgar Martinez,2000,BS,396,Mariners,10,1,1,0,7,7,0,2,0,2,430,15,R,DH,0,NULL,NULL,NULL,NULL,NULL,NULL,2,4,1
Alex,Rodriguez,Alex Rodriguez,2000,BS,400,Mariners,8,1,1,2,5,3,1,1,0,6,510,20,R,SS,5,NULL,NULL,NULL,NULL,NULL,NULL,4,8,1
Dan,Wilson,Dan Wilson,2000,BS,401,Mariners,7,2,1,2,1,9,1,2,1,1,170,15,R,C,4,NULL,NULL,NULL,NULL,NULL,NULL,5,5,1
Darren,Bragg,Darren Bragg,2000,BS,405,Cardinals,9,3,2,0,7,6,0,1,0,1,260,15,L,OF,2,NULL,NULL,NULL,NULL,NULL,NULL,5,2,1
Alberto,Castillo,Alberto Castillo,2000,BS,406,Cardinals,7,1,3,0,4,11,0,0,0,1,130,10,R,C,10,NULL,NULL,NULL,NULL,NULL,NULL,4,1,1
J.,D. Drew,J. D. Drew,2000,BS,407,Cardinals,8,1,1,3,7,2,2,1,1,2,310,20,L,OF,1,NULL,NULL,NULL,NULL,NULL,NULL,5,6,1
Ray,Lankford,Ray Lankford,2000,BS,409,Cardinals,9,4,0,1,4,5,1,3,0,2,410,20,L,LFRF,2,NULL,NULL,NULL,NULL,NULL,NULL,5,6,1
Joe,Mcewing,Joe Mcewing,2000,BS,410,Cardinals,7,1,3,0,2,9,1,2,1,1,190,15,R,2B,3,OF,1,NULL,NULL,NULL,NULL,4,5,2
Willie,Mcgee,Willie Mcgee,2000,BS,411,Cardinals,6,2,3,0,0,13,2,0,0,0,50,15,S,OF,0,NULL,NULL,NULL,NULL,NULL,NULL,5,2,1
Mark,Mcgwire,Mark Mcgwire,2000,BS,412,Cardinals,10,2,0,3,8,1,0,1,0,5,570,10,R,1B,0,NULL,NULL,NULL,NULL,NULL,NULL,5,6,1
Edgar,Renteria,Edgar Renteria,2000,BS,415,Cardinals,7,0,1,2,4,6,3,3,0,1,210,20,R,SS,3,NULL,NULL,NULL,NULL,NULL,NULL,3,7,1
Fernando,Tatis,Fernando Tatis,2000,BS,416,Cardinals,10,3,0,2,6,3,1,2,0,3,570,20,R,3B,1,NULL,NULL,NULL,NULL,NULL,NULL,5,6,1
Wade,Boggs,Wade Boggs,2000,BS,419,Devil Rays,9,0,4,1,4,9,0,1,0,1,220,10,L,3B,1,NULL,NULL,NULL,NULL,NULL,NULL,5,2,1
Miguel,Cairo,Miguel Cairo,2000,BS,420,Devil Rays,8,0,3,2,1,10,2,1,1,0,240,20,R,2B,4,NULL,NULL,NULL,NULL,NULL,NULL,5,4,1
Jose,Canseco,Jose Canseco,2000,BS,421,Devil Rays,8,3,0,1,6,4,0,1,0,5,350,15,R,DH,0,NULL,NULL,NULL,NULL,NULL,NULL,4,6,1
John,Flaherty,John Flaherty,2000,BS,422,Devil Rays,7,0,2,3,0,11,0,1,0,3,210,10,R,C,8,NULL,NULL,NULL,NULL,NULL,NULL,5,4,1
Dave,Martinez,Dave Martinez,2000,BS,424,Devil Rays,8,1,1,2,4,8,1,1,1,1,230,15,L,CF,0,LFRF,1,NULL,NULL,NULL,NULL,4,4,2
Fred,Mcgriff,Fred Mcgriff,2000,BS,425,Devil Rays,10,2,2,1,5,6,0,1,0,3,430,10,L,1B,0,NULL,NULL,NULL,NULL,NULL,NULL,5,4,1
Paul,Sorrento,Paul Sorrento,2000,BS,426,Devil Rays,8,4,0,0,9,4,0,1,0,2,190,10,L,LFRF,0,NULL,NULL,NULL,NULL,NULL,NULL,4,3,1
Kevin,Stocker,Kevin Stocker,2000,BS,427,Devil Rays,9,1,2,2,4,9,1,1,0,0,300,20,S,SS,4,NULL,NULL,NULL,NULL,NULL,NULL,5,2,1
Bubba,Trammell,Bubba Trammell,2000,BS,428,Devil Rays,9,0,1,3,5,6,0,2,0,3,370,10,R,LFRF,1,NULL,NULL,NULL,NULL,NULL,NULL,4,5,1
Randy,Winn,Randy Winn,2000,BS,430,Devil Rays,6,1,2,0,0,10,2,3,2,0,140,20,S,OF,1,NULL,NULL,NULL,NULL,NULL,NULL,3,7,1
Royce,Clayton,Royce Clayton,2000,BS,432,Rangers,8,3,2,0,3,7,1,1,1,2,280,15,R,SS,4,NULL,NULL,NULL,NULL,NULL,NULL,5,5,1
Juan,Gonzalez,Juan Gonzalez,2000,BS,434,Rangers,9,2,0,3,2,7,0,2,0,4,460,15,R,LFRF,0,NULL,NULL,NULL,NULL,NULL,NULL,5,6,1
Tom,Goodwin,Tom Goodwin,2000,BS,435,Rangers,7,0,3,1,4,6,4,0,2,0,170,20,L,CF,2,LFRF,1,NULL,NULL,NULL,NULL,4,6,2
Rusty,Greer,Rusty Greer,2000,BS,436,Rangers,10,0,3,2,6,5,0,2,0,2,360,10,L,LFRF,1,NULL,NULL,NULL,NULL,NULL,NULL,5,4,1
Mark,Mclemore,Mark Mclemore,2000,BS,438,Rangers,8,0,2,1,6,8,1,0,1,1,240,15,S,2B,3,NULL,NULL,NULL,NULL,NULL,NULL,3,3,1
Rafael,Palmeiro,Rafael Palmeiro,2000,BS,440,Rangers,10,0,0,4,5,5,0,2,0,4,520,10,L,DH,0,NULL,NULL,NULL,NULL,NULL,NULL,4,6,1
Ivan,Rodriguez,Ivan Rodriguez,2000,BS,441,Rangers,8,0,3,1,0,8,2,2,0,4,450,20,R,C,11,NULL,NULL,NULL,NULL,NULL,NULL,4,8,1
Lee,Stevens,Lee Stevens,2000,BS,443,Rangers,7,2,1,0,3,7,0,3,0,4,270,15,L,1B,1,NULL,NULL,NULL,NULL,NULL,NULL,3,7,1
Todd,Zeile,Todd Zeile,2000,BS,446,Rangers,8,0,2,2,3,7,0,3,0,3,280,10,R,3B,1,NULL,NULL,NULL,NULL,NULL,NULL,4,6,1
Tony,Batista,Tony Batista,2000,BS,448,Blue Jays,7,0,0,4,2,6,0,3,0,5,310,15,R,SS,3,NULL,NULL,NULL,NULL,NULL,NULL,4,8,1
Homer,Bush,Homer Bush,2000,BS,449,Blue Jays,8,1,4,0,0,8,3,2,1,1,290,20,R,2B,2,NULL,NULL,NULL,NULL,NULL,NULL,5,7,1
Jose,Cruz Jr.,Jose Cruz Jr.,2000,BS,450,Blue Jays,8,3,1,1,7,2,1,2,1,2,320,20,S,OF,1,NULL,NULL,NULL,NULL,NULL,NULL,5,6,1
Carlos,Delgado,Carlos Delgado,2000,BS,451,Blue Jays,9,2,0,3,6,3,0,2,0,4,410,10,L,1B,0,NULL,NULL,NULL,NULL,NULL,NULL,5,6,1
Tony,Fernandez,Tony Fernandez,2000,BS,453,Blue Jays,10,0,3,1,5,7,0,3,0,1,390,15,S,3B,1,NULL,NULL,NULL,NULL,NULL,NULL,4,4,1
Darrin,Fletcher,Darrin Fletcher,2000,BS,454,Blue Jays,8,0,1,4,2,7,0,3,0,3,290,10,L,C,5,NULL,NULL,NULL,NULL,NULL,NULL,5,6,1
Shawn,Green,Shawn Green,2000,BS,455,Blue Jays,9,1,2,1,4,4,1,3,0,4,540,20,L,LFRF,1,NULL,NULL,NULL,NULL,NULL,NULL,4,8,1
Brian,Mcrae,Brian Mcrae,2000,BS,459,Blue Jays,7,1,2,1,9,4,0,1,0,2,160,15,S,OF,1,NULL,NULL,NULL,NULL,NULL,NULL,4,3,1
David,Segui,David Segui,2000,BS,460,Blue Jays,8,0,2,3,2,8,0,2,1,2,250,10,S,1B,0,NULL,NULL,NULL,NULL,NULL,NULL,5,5,1
Shannon,Stewart,Shannon Stewart,2000,BS,461,Blue Jays,9,0,4,1,4,7,2,1,0,1,320,20,R,LFRF,1,NULL,NULL,NULL,NULL,NULL,NULL,5,4,1
Adam,Kennedy,Adam Kennedy,2000,PR,3,Angels,7,0,1,3,1,7,1,4,1,2,260,20,L,2B,2,NULL,NULL,NULL,NULL,NULL,NULL,4,8,1
Ben,Molina,Ben Molina,2000,PR,4,Angels,6,0,2,1,3,10,0,3,0,1,120,10,R,C,8,NULL,NULL,NULL,NULL,NULL,NULL,3,4,1
Scott,Spiezio,Scott Spiezio,2000,PR,5,Angels,7,0,0,4,5,2,0,6,0,3,210,10,S,DH,0,NULL,NULL,NULL,NULL,NULL,NULL,4,9,1
Erubiel,Durazo,Erubiel Durazo,2000,PR,7,Diamondbacks,10,4,0,0,4,8,0,1,0,3,510,15,L,1B,0,NULL,NULL,NULL,NULL,NULL,NULL,4,4,1
Tony,Womack,Tony Womack,2000,PR,11,Diamondbacks,7,0,2,1,3,6,5,1,1,1,220,20,L,SS,3,NULL,NULL,NULL,NULL,NULL,NULL,3,8,1
Andres,Galarraga,Andres Galarraga,2000,PR,12,Braves,9,4,0,0,5,5,0,1,0,5,510,15,R,1B,0,NULL,NULL,NULL,NULL,NULL,NULL,4,6,1
Javy,Lopez,Javy Lopez,2000,PR,13,Braves,8,1,2,1,2,8,0,2,0,4,370,15,R,C,6,NULL,NULL,NULL,NULL,NULL,NULL,4,6,1
Reggie,Sanders,Reggie Sanders,2000,PR,16,Braves,8,2,1,1,6,3,2,1,1,3,350,20,R,LFRF,1,NULL,NULL,NULL,NULL,NULL,NULL,4,7,1
Harold,Baines,Harold Baines,2000,PR,17,Orioles,9,0,2,2,4,8,0,1,0,3,340,10,L,DH,0,NULL,NULL,NULL,NULL,NULL,NULL,4,4,1
Will,Clark,Will Clark,2000,PR,18,Orioles,9,1,1,2,5,6,0,3,0,2,340,15,L,1B,0,NULL,NULL,NULL,NULL,NULL,NULL,4,5,1
Manny,Alexander,Manny Alexander,2000,PR,20,Red Sox,7,3,1,1,0,9,1,3,2,0,180,15,R,2B,3,SS,3,3B,1,NULL,NULL,5,6,3
Carl,Everett,Carl Everett,2000,PR,21,Red Sox,10,2,1,2,4,5,1,2,0,3,650,20,S,OF,2,NULL,NULL,NULL,NULL,NULL,NULL,5,6,1
Joe,Girardi,Joe Girardi,2000,PR,25,Cubs,5,0,2,0,0,7,1,8,1,1,80,15,R,C,5,NULL,NULL,NULL,NULL,NULL,NULL,2,11,1
Ricky,Gutierrez,Ricky Gutierrez,2000,PR,26,Cubs,8,0,4,0,5,10,1,0,0,0,150,15,R,SS,3,NULL,NULL,NULL,NULL,NULL,NULL,4,1,1
Glenallen,Hill,Glenallen Hill,2000,PR,27,Cubs,5,2,1,1,2,6,1,1,0,6,440,15,R,LFRF,1,NULL,NULL,NULL,NULL,NULL,NULL,4,8,1
Eric,Young,Eric Young,2000,PR,30,Cubs,8,0,2,2,6,6,2,2,0,0,210,20,R,2B,3,NULL,NULL,NULL,NULL,NULL,NULL,4,4,1
Mark,L. Johnson,Mark L. Johnson,2000,PR,32,White Sox,8,3,1,1,8,4,0,2,0,1,190,15,L,C,7,NULL,NULL,NULL,NULL,NULL,NULL,5,3,1
Jose,Valentin,Jose Valentin,2000,PR,34,White Sox,7,1,0,3,9,2,0,2,0,3,220,15,S,SS,1,NULL,NULL,NULL,NULL,NULL,NULL,4,5,1
Dante,Bichette,Dante Bichette,2000,PR,35,Reds,7,0,1,2,4,6,0,3,0,4,260,15,R,LFRF,0,NULL,NULL,NULL,NULL,NULL,NULL,3,7,1
Ken,Griffey Jr.,Ken Griffey Jr.,2000,PR,36,Reds,9,1,1,3,5,4,1,1,0,4,530,20,L,CF,2,LFRF,1,NULL,NULL,NULL,NULL,5,6,2
Sandy,Alomar Jr.,Sandy Alomar Jr.,2000,PR,40,Indians,6,0,3,1,0,9,0,5,0,2,110,10,R,C,5,NULL,NULL,NULL,NULL,NULL,NULL,4,7,1
Jeff,Cirillo,Jeff Cirillo,2000,PR,45,Rockies,10,1,1,2,4,9,0,2,0,1,390,15,R,3B,3,NULL,NULL,NULL,NULL,NULL,NULL,4,3,1
Tom,Goodwin,Tom Goodwin,2000,PR,46,Rockies,7,0,3,1,3,8,3,0,1,1,190,20,L,CF,2,LFRF,1,NULL,NULL,NULL,NULL,4,5,2
Jeffrey,Hammonds,Jeffrey Hammonds,2000,PR,47,Rockies,9,3,0,1,3,6,0,2,0,5,400,15,R,LFRF,2,NULL,NULL,NULL,NULL,NULL,NULL,4,7,1
Mike,Lansing,Mike Lansing,2000,PR,48,Rockies,7,1,1,2,1,10,0,3,0,2,200,15,R,2B,2,NULL,NULL,NULL,NULL,NULL,NULL,4,5,1
Aaron,Ledesma,Aaron Ledesma,2000,PR,49,Rockies,7,0,2,1,0,15,0,2,0,0,160,15,R,2B,3,SS,3,3B,1,NULL,NULL,3,2,3
Brent,Mayne,Brent Mayne,2000,PR,50,Rockies,10,2,1,1,4,7,0,5,0,0,350,15,R,C,6,NULL,NULL,NULL,NULL,NULL,NULL,4,5,1
Robert,Fick,Robert Fick,2000,PR,52,Tigers,7,1,0,3,3,6,0,3,1,3,250,15,R,C,3,NULL,NULL,NULL,NULL,NULL,NULL,4,7,1
Juan,Gonzalez,Juan Gonzalez,2000,PR,53,Tigers,9,2,0,3,3,5,0,2,0,5,520,15,R,LFRF,0,NULL,NULL,NULL,NULL,NULL,NULL,5,7,1
Luis,Polonia,Luis Polonia,2000,PR,55,Tigers,8,0,2,2,0,7,2,3,2,2,370,20,L,LFRF,0,NULL,NULL,NULL,NULL,NULL,NULL,4,9,1
Brant,Brown,Brant Brown,2000,PR,56,Marlins,5,3,0,1,1,4,0,4,1,6,160,15,L,LFRF,1,1B,0,NULL,NULL,NULL,NULL,4,11,2
Cliff,Floyd,Cliff Floyd,2000,PR,58,Marlins,8,2,1,2,3,5,1,3,0,3,350,20,L,LFRF,0,NULL,NULL,NULL,NULL,NULL,NULL,5,7,1
Moises,Alou,Moises Alou,2000,PR,61,Astros,9,0,1,3,4,5,1,2,0,4,470,15,R,LFRF,0,NULL,NULL,NULL,NULL,NULL,NULL,4,7,1
Roger,Cedeno,Roger Cedeno,2000,PR,62,Astros,10,3,2,0,4,5,3,2,1,0,430,20,S,OF,1,NULL,NULL,NULL,NULL,NULL,NULL,5,6,1
Mitch,Meluskey,Mitch Meluskey,2000,PR,64,Astros,10,1,2,2,5,5,0,4,0,1,400,15,S,C,6,NULL,NULL,NULL,NULL,NULL,NULL,5,5,1
Daryle,Ward,Daryle Ward,2000,PR,65,Astros,9,2,1,1,1,9,0,2,0,4,450,10,L,LFRF,0,NULL,NULL,NULL,NULL,NULL,NULL,4,6,1
Mark,Quinn,Mark Quinn,2000,PR,66,Royals,9,2,0,3,2,8,0,2,0,3,390,15,R,DH,0,NULL,NULL,NULL,NULL,NULL,NULL,5,5,1
Kevin,Elster,Kevin Elster,2000,PR,72,Dodgers,7,1,1,1,7,7,0,0,0,3,180,10,R,SS,2,NULL,NULL,NULL,NULL,NULL,NULL,3,3,1
Shawn,Green,Shawn Green,2000,PR,73,Dodgers,9,1,2,1,4,4,1,3,0,4,540,20,L,LFRF,1,NULL,NULL,NULL,NULL,NULL,NULL,4,8,1
Todd,Hollandsworth,Todd Hollandsworth,2000,PR,74,Dodgers,7,2,1,0,2,8,1,2,1,3,260,15,L,CF,2,LFRF,1,NULL,NULL,NULL,NULL,3,7,2
Kevin,Barker,Kevin Barker,2000,PR,76,Brewers,7,2,2,1,4,6,0,2,0,3,190,15,L,1B,0,NULL,NULL,NULL,NULL,NULL,NULL,5,5,1
Jose,Hernandez,Jose Hernandez,2000,PR,77,Brewers,7,3,1,0,4,7,1,1,0,3,220,15,R,3B,3,NULL,NULL,NULL,NULL,NULL,NULL,4,5,1
Jacque,Jones,Jacque Jones,2000,PR,81,Twins,7,1,2,1,1,7,1,4,1,2,220,15,L,CF,2,LFRF,1,NULL,NULL,NULL,NULL,4,8,2
David,Ortiz,David Ortiz,2000,PR,82,Twins,8,2,0,3,5,4,0,3,0,3,260,10,L,1B,0,NULL,NULL,NULL,NULL,NULL,NULL,5,6,1
Peter,Bergeron,Peter Bergeron,2000,PR,83,Expos,8,1,1,2,4,7,1,3,0,1,280,20,L,OF,2,NULL,NULL,NULL,NULL,NULL,NULL,4,5,1
Lee,Stevens,Lee Stevens,2000,PR,85,Expos,7,2,1,1,2,8,0,3,0,3,230,15,L,1B,1,NULL,NULL,NULL,NULL,NULL,NULL,4,6,1
Derek,Bell,Derek Bell,2000,PR,87,Mets,7,2,3,0,5,6,1,1,0,2,190,20,R,LFRF,1,NULL,NULL,NULL,NULL,NULL,NULL,5,4,1
Todd,Pratt,Todd Pratt,2000,PR,91,Mets,9,3,0,2,5,9,0,0,0,1,270,15,R,C,5,NULL,NULL,NULL,NULL,NULL,NULL,5,1,1
Todd,Zeile,Todd Zeile,2000,PR,92,Mets,8,0,2,2,4,6,0,3,0,3,270,10,R,1B,0,NULL,NULL,NULL,NULL,NULL,NULL,4,6,1
Roberto,Kelly,Roberto Kelly,2000,PR,94,Yankees,8,2,1,1,3,8,0,3,0,2,280,15,R,OF,1,NULL,NULL,NULL,NULL,NULL,NULL,4,5,1
Jim,Leyritz,Jim Leyritz,2000,PR,95,Yankees,7,2,2,0,7,4,0,1,1,3,190,10,R,C,5,1B,0,NULL,NULL,NULL,NULL,4,5,2
Rich,Becker,Rich Becker,2000,PR,97,Athletics,7,4,0,1,8,4,1,0,1,1,360,15,L,OF,1,NULL,NULL,NULL,NULL,NULL,NULL,5,3,1
Ramon,Hernandez,Ramon Hernandez,2000,PR,98,Athletics,7,0,2,2,4,8,0,1,0,3,190,10,R,C,5,NULL,NULL,NULL,NULL,NULL,NULL,4,4,1
Olmedo,Saenz,Olmedo Saenz,2000,PR,102,Athletics,8,0,1,2,6,5,0,3,0,3,320,15,R,3B,1,1B,0,NULL,NULL,NULL,NULL,3,6,2
Mickey,Morandini,Mickey Morandini,2000,PR,103,Phillies,6,0,2,1,7,8,0,0,1,1,90,15,L,2B,3,NULL,NULL,NULL,NULL,NULL,NULL,3,2,1
Desi,Relaford,Desi Relaford,2000,PR,105,Phillies,6,0,1,1,4,9,1,3,0,1,100,15,S,SS,0,NULL,NULL,NULL,NULL,NULL,NULL,2,5,1
Wil,Cordero,Wil Cordero,2000,PR,107,Pirates,7,1,1,2,3,6,3,1,0,3,230,15,R,LFRF,1,NULL,NULL,NULL,NULL,NULL,NULL,4,7,1
Chad,Hermansen,Chad Hermansen,2000,PR,109,Pirates,5,1,1,0,1,4,3,3,0,7,210,20,R,OF,2,NULL,NULL,NULL,NULL,NULL,NULL,2,13,1
Pat,Meares,Pat Meares,2000,PR,110,Pirates,6,0,1,1,1,13,1,2,0,1,110,15,R,SS,2,NULL,NULL,NULL,NULL,NULL,NULL,2,4,1
Aramis,Ramirez,Aramis Ramirez,2000,PR,111,Pirates,8,0,2,3,4,6,0,3,0,2,240,15,R,3B,0,NULL,NULL,NULL,NULL,NULL,NULL,5,5,1
Bret,Boone,Bret Boone,2000,PR,112,Padres,7,1,1,2,3,6,1,3,0,3,230,15,R,2B,2,NULL,NULL,NULL,NULL,NULL,NULL,4,7,1
Carlos,Hernandez,Carlos Hernandez,2000,PR,114,Padres,6,0,2,1,0,13,0,1,0,3,170,15,R,C,8,NULL,NULL,NULL,NULL,NULL,NULL,3,4,1
Ryan,Klesko,Ryan Klesko,2000,PR,115,Padres,10,1,2,2,4,6,0,2,0,3,500,15,L,1B,0,NULL,NULL,NULL,NULL,NULL,NULL,5,5,1
Dave,Magadan,Dave Magadan,2000,PR,116,Padres,9,1,2,2,7,7,0,1,0,0,170,10,L,3B,2,1B,0,NULL,NULL,NULL,NULL,5,1,2
Al,Martin,Al Martin,2000,PR,117,Padres,8,2,1,1,3,5,1,3,1,3,380,20,L,LFRF,1,NULL,NULL,NULL,NULL,NULL,NULL,4,8,1
Bobby,Estalella,Bobby Estalella,2000,PR,118,Giants,6,3,0,1,8,3,0,2,0,3,120,15,R,C,2,NULL,NULL,NULL,NULL,NULL,NULL,4,5,1
Doug,Mirabelli,Doug Mirabelli,2000,PR,120,Giants,7,1,1,1,5,6,1,3,0,2,210,15,R,C,8,NULL,NULL,NULL,NULL,NULL,NULL,3,6,1
Mike,Cameron,Mike Cameron,2000,PR,122,Mariners,8,3,0,1,7,1,2,3,1,2,330,20,R,OF,2,NULL,NULL,NULL,NULL,NULL,NULL,4,8,1
Mark,McLemore,Mark McLemore,2000,PR,123,Mariners,8,0,2,2,7,7,1,0,1,0,180,15,S,2B,3,LFRF,1,NULL,NULL,NULL,NULL,4,2,2
John,Olerud,John Olerud,2000,PR,125,Mariners,10,0,3,1,8,4,0,2,0,2,360,10,L,1B,1,NULL,NULL,NULL,NULL,NULL,NULL,4,4,1
Jim,Edmonds,Jim Edmonds,2000,PR,128,Cardinals,9,2,1,1,4,7,0,3,0,2,380,15,L,OF,2,NULL,NULL,NULL,NULL,NULL,NULL,4,5,1
Eli,Marrero,Eli Marrero,2000,PR,131,Cardinals,4,0,3,2,0,1,7,2,0,5,100,20,R,C,8,NULL,NULL,NULL,NULL,NULL,NULL,5,14,1
Fernando,Vina,Fernando Vina,2000,PR,133,Cardinals,10,0,3,1,4,9,1,2,0,0,400,20,L,2B,4,NULL,NULL,NULL,NULL,NULL,NULL,4,3,1
Vinny,Castilla,Vinny Castilla,2000,PR,134,Devil Rays,6,0,2,2,2,9,0,1,0,4,170,15,R,3B,2,NULL,NULL,NULL,NULL,NULL,NULL,4,5,1
Greg,Vaughn,Greg Vaughn,2000,PR,137,Devil Rays,7,2,0,1,7,2,1,1,0,6,360,20,R,LFRF,2,NULL,NULL,NULL,NULL,NULL,NULL,3,8,1
Gerald,Williams,Gerald Williams,2000,PR,138,Devil Rays,7,1,1,3,3,5,1,3,0,3,260,20,R,OF,1,NULL,NULL,NULL,NULL,NULL,NULL,5,7,1
Tom,Evans,Tom Evans,2000,PR,140,Rangers,8,2,0,2,7,5,0,3,0,1,200,15,R,3B,1,NULL,NULL,NULL,NULL,NULL,NULL,4,4,1
Gabe,Kapler,Gabe Kapler,2000,PR,141,Rangers,7,1,2,2,4,4,1,2,1,3,270,20,R,CF,2,LFRF,1,NULL,NULL,NULL,NULL,5,7,2
Ruben,Mateo,Ruben Mateo,2000,PR,142,Rangers,7,1,1,2,0,8,1,2,0,5,320,15,R,CF,1,LFRF,0,NULL,NULL,NULL,NULL,4,8,2
David,Segui,David Segui,2000,PR,144,Rangers,8,0,2,2,2,9,0,2,1,2,240,10,S,DH,0,NULL,NULL,NULL,NULL,NULL,NULL,4,5,1
Tony,Batista,Tony Batista,2000,PR,145,Blue Jays,7,0,0,4,2,6,0,3,0,5,300,15,R,3B,1,NULL,NULL,NULL,NULL,NULL,NULL,4,8,1
Brad,Fullmer,Brad Fullmer,2000,PR,147,Blue Jays,6,0,2,2,0,5,0,7,0,4,180,15,L,DH,0,NULL,NULL,NULL,NULL,NULL,NULL,4,11,1
Alex,Gonzalez,Alex Gonzalez,2000,PR,148,Blue Jays,6,1,1,1,2,7,2,4,0,2,170,20,R,SS,3,NULL,NULL,NULL,NULL,NULL,NULL,3,8,1
Raul,Mondesi,Raul Mondesi,2000,PR,150,Blue Jays,7,2,1,1,5,2,2,2,1,4,300,20,R,LFRF,1,NULL,NULL,NULL,NULL,NULL,NULL,4,9,1
Garret,Anderson,Garret Anderson,2001,BS,1,Angels,7,0,3,2,0,7,1,3,0,4,230,15,L,CF,2,LFRF,1,NULL,NULL,NULL,NULL,5,8,2
Darin,Erstad,Darin Erstad,2001,BS,2,Angels,10,0,3,1,2,9,1,2,0,2,510,20,L,LFRF,2,NULL,NULL,NULL,NULL,NULL,NULL,4,5,1
Ron,Gant,Ron Gant,2001,BS,3,Angels,8,3,1,1,6,4,0,1,0,4,270,15,R,LFRF,1,NULL,NULL,NULL,NULL,NULL,NULL,5,5,1
Troy,Glaus,Troy Glaus,2001,BS,4,Angels,9,3,0,0,8,2,1,2,0,4,440,15,R,3B,2,NULL,NULL,NULL,NULL,NULL,NULL,3,7,1
Adam,Kennedy,Adam Kennedy,2001,BS,6,Angels,6,0,1,2,0,9,2,3,2,1,110,20,L,2B,3,NULL,NULL,NULL,NULL,NULL,NULL,3,8,1
Ben,Molina,Ben Molina,2001,BS,8,Angels,7,0,2,2,1,11,0,2,0,2,140,10,R,C,7,NULL,NULL,NULL,NULL,NULL,NULL,4,4,1
Tim,Salmon,Tim Salmon,2001,BS,11,Angels,9,2,0,1,7,5,0,2,0,3,340,10,R,LFRF,1,NULL,NULL,NULL,NULL,NULL,NULL,3,5,1
Scott,Spiezio,Scott Spiezio,2001,BS,13,Angels,8,2,1,2,6,4,0,1,0,4,250,15,S,DH,0,NULL,NULL,NULL,NULL,NULL,NULL,5,5,1
Mo,Vaughn,Mo Vaughn,2001,BS,14,Angels,8,3,0,0,6,6,0,1,0,4,260,10,L,1B,0,NULL,NULL,NULL,NULL,NULL,NULL,3,5,1
Danny,Bautista,Danny Bautista,2001,BS,17,Diamondbacks,7,0,3,1,1,8,1,2,2,2,150,15,R,LFRF,1,NULL,NULL,NULL,NULL,NULL,NULL,4,7,1
Jay,Bell,Jay Bell,2001,BS,18,Diamondbacks,8,0,1,3,5,6,0,2,1,2,250,15,R,2B,3,NULL,NULL,NULL,NULL,NULL,NULL,4,5,1
Greg,Colbrunn,Greg Colbrunn,2001,BS,19,Diamondbacks,9,0,1,2,6,7,0,2,0,2,270,10,R,1B,0,NULL,NULL,NULL,NULL,NULL,NULL,3,4,1
Steve,Finley,Steve Finley,2001,BS,20,Diamondbacks,8,0,1,2,5,4,1,2,1,4,340,15,L,OF,1,NULL,NULL,NULL,NULL,NULL,NULL,3,8,1
Luis,Gonzalez,Luis Gonzalez,2001,BS,21,Diamondbacks,9,0,1,2,5,6,0,3,0,3,360,10,L,LFRF,1,NULL,NULL,NULL,NULL,NULL,NULL,3,6,1
Kelly,Stinnett,Kelly Stinnett,2001,BS,27,Diamondbacks,6,4,1,1,4,7,0,0,0,3,50,10,R,C,5,NULL,NULL,NULL,NULL,NULL,NULL,6,3,1
Matt,Williams,Matt Williams,2001,BS,29,Diamondbacks,7,0,3,2,1,9,0,3,0,2,120,10,R,3B,2,NULL,NULL,NULL,NULL,NULL,NULL,5,5,1
Tony,Womack,Tony Womack,2001,BS,30,Diamondbacks,7,0,3,2,1,8,3,1,2,0,110,20,L,SS,2,NULL,NULL,NULL,NULL,NULL,NULL,5,6,1
Bobby,Bonilla,Bobby Bonilla,2001,BS,32,Braves,8,2,0,3,6,5,0,2,1,1,140,10,S,LFRF,0,NULL,NULL,NULL,NULL,NULL,NULL,5,4,1
Rafael,Furcal,Rafael Furcal,2001,BS,33,Braves,9,1,2,0,7,6,3,1,0,0,250,20,S,SS,1,NULL,NULL,NULL,NULL,NULL,NULL,3,4,1
Andres,Galarraga,Andres Galarraga,2001,BS,34,Braves,8,2,1,0,3,8,0,2,0,4,300,15,R,1B,0,NULL,NULL,NULL,NULL,NULL,NULL,3,6,1
Andruw,Jones,Andruw Jones,2001,BS,36,Braves,9,1,3,1,3,5,1,2,1,3,450,20,R,CF,2,LFRF,1,NULL,NULL,NULL,NULL,5,7,2
Chipper,Jones,Chipper Jones,2001,BS,37,Braves,9,0,2,1,6,5,1,2,0,3,400,15,S,3B,1,NULL,NULL,NULL,NULL,NULL,NULL,3,6,1
Brian,Jordan,Brian Jordan,2001,BS,38,Braves,7,0,2,2,3,7,1,2,0,3,180,15,R,LFRF,2,NULL,NULL,NULL,NULL,NULL,NULL,4,6,1
Wally,Joyner,Wally Joyner,2001,BS,39,Braves,8,0,0,4,5,9,0,1,0,1,100,10,L,1B,0,NULL,NULL,NULL,NULL,NULL,NULL,4,2,1
Keith,Lockhart,Keith Lockhart,2001,BS,40,Braves,7,0,3,2,3,9,1,1,1,0,70,15,L,2B,3,NULL,NULL,NULL,NULL,NULL,NULL,5,3,1
Javy,Lopez,Javy Lopez,2001,BS,41,Braves,8,1,3,1,2,8,0,2,0,3,240,10,R,C,4,NULL,NULL,NULL,NULL,NULL,NULL,5,5,1
B.J.,Surhoff,B.J. Surhoff,2001,BS,46,Braves,8,0,2,3,2,7,1,3,0,2,220,15,L,LFRF,1,NULL,NULL,NULL,NULL,NULL,NULL,5,6,1
Quilvio,Veras,Quilvio Veras,2001,BS,47,Braves,9,1,2,0,7,6,2,1,0,1,320,20,S,2B,2,NULL,NULL,NULL,NULL,NULL,NULL,3,4,1
Brady,Anderson,Brady Anderson,2001,BS,48,Orioles,9,2,0,2,8,4,1,1,0,2,330,20,L,OF,1,NULL,NULL,NULL,NULL,NULL,NULL,4,4,1
Albert,Belle,Albert Belle,2001,BS,49,Orioles,8,0,2,3,2,7,0,3,0,3,240,10,R,LFRF,1,NULL,NULL,NULL,NULL,NULL,NULL,5,6,1
Jeff,Conine,Jeff Conine,2001,BS,50,Orioles,8,0,2,3,3,8,0,2,0,2,220,15,R,3B,2,LFRF,1,NULL,NULL,NULL,NULL,5,4,2
Delino,Deshields,Delino Deshields,2001,BS,51,Orioles,9,1,3,1,4,5,2,3,0,1,320,20,L,2B,2,LFRF,1,NULL,NULL,NULL,NULL,5,6,2
Trenidad,Hubbard,Trenidad Hubbard,2001,BS,53,Orioles,9,2,2,1,6,4,0,1,0,4,320,10,R,DH,0,NULL,NULL,NULL,NULL,NULL,NULL,5,5,1
Luis,Matos,Luis Matos,2001,BS,54,Orioles,6,0,4,1,4,6,3,0,2,0,60,20,R,CF,3,LFRF,2,NULL,NULL,NULL,NULL,5,5,2
Melvin,Mora,Melvin Mora,2001,BS,56,Orioles,8,2,1,2,3,7,1,2,1,1,220,20,R,SS,2,NULL,NULL,NULL,NULL,NULL,NULL,5,5,1
Chris,Richard,Chris Richard,2001,BS,60,Orioles,7,2,1,2,5,4,1,2,0,3,130,15,L,1B,0,NULL,NULL,NULL,NULL,NULL,NULL,5,6,1
Cal,Ripken Jr.,Cal Ripken Jr.,2001,BS,61,Orioles,7,0,2,2,3,7,0,2,0,4,190,10,R,3B,2,NULL,NULL,NULL,NULL,NULL,NULL,4,6,1
Dante,Bichette,Dante Bichette,2001,BS,64,Red Sox,8,1,1,2,3,8,0,2,0,3,260,15,R,LFRF,1,NULL,NULL,NULL,NULL,NULL,NULL,4,5,1
Carl,Everett,Carl Everett,2001,BS,66,Red Sox,9,4,1,0,4,4,1,2,0,4,460,15,S,OF,1,NULL,NULL,NULL,NULL,NULL,NULL,5,7,1
Nomar,Garciaparra,Nomar Garciaparra,2001,BS,68,Red Sox,10,0,1,2,2,9,0,4,0,2,510,15,R,SS,2,NULL,NULL,NULL,NULL,NULL,NULL,3,6,1
Mike,Lansing,Mike Lansing,2001,BS,69,Red Sox,6,0,3,1,2,9,1,1,1,2,40,15,R,2B,1,NULL,NULL,NULL,NULL,NULL,NULL,4,5,1
Darren,Lewis,Darren Lewis,2001,BS,70,Red Sox,7,0,4,1,4,8,2,0,0,1,100,20,R,CF,2,LFRF,1,NULL,NULL,NULL,NULL,5,3,2
Trot,Nixon,Trot Nixon,2001,BS,74,Red Sox,9,2,1,2,6,4,1,2,1,1,250,15,L,LFRF,1,NULL,NULL,NULL,NULL,NULL,NULL,5,5,1
Jose,Offerman,Jose Offerman,2001,BS,75,Red Sox,8,0,1,2,7,8,0,0,1,1,140,10,S,2B,1,1B,0,NULL,NULL,NULL,NULL,3,2,2
Troy,OLeary,Troy OLeary,2001,BS,76,Red Sox,7,0,2,2,3,8,0,3,0,2,110,10,L,LFRF,1,NULL,NULL,NULL,NULL,NULL,NULL,4,5,1
Jason,Varitek,Jason Varitek,2001,BS,77,Red Sox,8,2,2,1,6,5,0,3,0,1,150,10,S,C,3,NULL,NULL,NULL,NULL,NULL,NULL,5,4,1
Damon,Buford,Damon Buford,2001,BS,79,Cubs,7,3,1,0,5,8,0,1,0,2,100,15,R,OF,1,NULL,NULL,NULL,NULL,NULL,NULL,4,3,1
Joe,Girardi,Joe Girardi,2001,BS,80,Cubs,7,1,3,0,3,11,0,1,0,1,80,10,R,C,7,NULL,NULL,NULL,NULL,NULL,NULL,4,2,1
Mark,Grace,Mark Grace,2001,BS,81,Cubs,9,0,1,2,7,6,0,3,0,1,210,10,L,1B,0,NULL,NULL,NULL,NULL,NULL,NULL,3,4,1
Willie,Greene,Willie Greene,2001,BS,82,Cubs,6,4,2,0,6,1,1,2,1,3,110,15,L,3B,3,NULL,NULL,NULL,NULL,NULL,NULL,6,7,1
Ricky,Gutierrez,Ricky Gutierrez,2001,BS,83,Cubs,9,0,4,0,7,6,1,1,0,1,230,15,R,SS,2,NULL,NULL,NULL,NULL,NULL,NULL,4,3,1
Jeff,Reed,Jeff Reed,2001,BS,86,Cubs,7,3,0,0,10,6,0,0,0,1,50,10,L,C,6,NULL,NULL,NULL,NULL,NULL,NULL,3,1,1
Sammy,Sosa,Sammy Sosa,2001,BS,87,Cubs,9,3,0,0,4,6,0,2,0,5,490,15,R,LFRF,0,NULL,NULL,NULL,NULL,NULL,NULL,3,7,1
Rondell,White,Rondell White,2001,BS,90,Cubs,8,2,1,0,4,8,1,2,0,2,230,15,R,LFRF,2,NULL,NULL,NULL,NULL,NULL,NULL,3,5,1
Eric,Young,Eric Young,2001,BS,92,Cubs,9,0,4,1,4,5,3,2,0,1,320,20,R,2B,3,NULL,NULL,NULL,NULL,NULL,NULL,5,6,1
Ray,Durham,Ray Durham,2001,BS,94,White Sox,9,1,3,1,5,5,1,2,1,1,360,20,S,2B,3,NULL,NULL,NULL,NULL,NULL,NULL,5,5,1
Charles,Johnson,Charles Johnson,2001,BS,97,White Sox,9,3,1,0,4,6,0,2,0,4,460,15,R,C,6,NULL,NULL,NULL,NULL,NULL,NULL,4,6,1
Mark,L. Johnson,Mark L. Johnson,2001,BS,98,White Sox,7,1,1,2,7,6,1,1,0,1,100,15,L,C,8,NULL,NULL,NULL,NULL,NULL,NULL,4,3,1
Paul,Konerko,Paul Konerko,2001,BS,99,White Sox,9,0,3,2,4,7,0,2,0,2,250,10,R,1B,0,NULL,NULL,NULL,NULL,NULL,NULL,5,4,1
Carlos,Lee,Carlos Lee,2001,BS,100,White Sox,8,1,2,1,2,8,1,2,0,3,260,15,R,LFRF,1,NULL,NULL,NULL,NULL,NULL,NULL,4,6,1
Magglio,Ordonez,Magglio Ordonez,2001,BS,101,White Sox,9,0,2,2,3,7,1,2,0,3,420,20,R,LFRF,1,NULL,NULL,NULL,NULL,NULL,NULL,4,6,1
Hebert,Perry,Hebert Perry,2001,BS,103,White Sox,8,2,2,0,2,9,0,3,0,2,240,15,R,3B,2,NULL,NULL,NULL,NULL,NULL,NULL,4,5,1
Chris,Singleton,Chris Singleton,2001,BS,105,White Sox,7,1,4,1,1,7,2,1,1,2,160,20,L,CF,2,LFRF,1,NULL,NULL,NULL,NULL,6,6,2
Frank,Thomas,Frank Thomas,2001,BS,107,White Sox,10,1,0,2,6,5,0,3,0,3,440,10,R,DH,0,NULL,NULL,NULL,NULL,NULL,NULL,3,6,1
Jose,Valentin,Jose Valentin,2001,BS,108,White Sox,8,2,0,2,4,4,1,3,1,3,390,20,S,SS,3,NULL,NULL,NULL,NULL,NULL,NULL,4,8,1
Aaron,Boone,Aaron Boone,2001,BS,110,Reds,8,2,0,2,4,7,1,2,0,2,240,15,R,3B,3,NULL,NULL,NULL,NULL,NULL,NULL,4,5,1
Sean,Casey,Sean Casey,2001,BS,111,Reds,9,1,2,1,4,7,0,3,0,2,280,10,L,1B,0,NULL,NULL,NULL,NULL,NULL,NULL,4,5,1
Ken,Griffey Jr.,Ken Griffey Jr.,2001,BS,113,Reds,9,2,0,2,7,4,0,1,0,4,420,15,L,CF,2,LFRF,1,NULL,NULL,NULL,NULL,4,5,2
Barry,Larkin,Barry Larkin,2001,BS,115,Reds,9,0,2,1,5,7,1,2,1,1,320,20,R,SS,1,NULL,NULL,NULL,NULL,NULL,NULL,3,5,1
Alex,Ochoa,Alex Ochoa,2001,BS,116,Reds,8,0,2,2,3,5,1,3,1,3,330,20,R,LFRF,1,NULL,NULL,NULL,NULL,NULL,NULL,4,8,1
Pokey,Reese,Pokey Reese,2001,BS,118,Reds,7,0,1,3,3,6,3,1,1,2,210,20,R,2B,4,NULL,NULL,NULL,NULL,NULL,NULL,4,7,1
Chris,Stynes,Chris Stynes,2001,BS,119,Reds,9,1,3,1,2,9,0,2,0,2,320,15,R,3B,2,NULL,NULL,NULL,NULL,NULL,NULL,5,4,1
Eddie,Taubensee,Eddie Taubensee,2001,BS,121,Reds,7,1,3,0,2,11,0,1,0,2,100,10,L,C,3,NULL,NULL,NULL,NULL,NULL,NULL,4,3,1
Michael,Tucker,Michael Tucker,2001,BS,122,Reds,9,3,0,2,7,3,1,1,1,2,330,20,L,LFRF,1,NULL,NULL,NULL,NULL,NULL,NULL,5,5,1
Dmitri,Young,Dmitri Young,2001,BS,124,Reds,8,0,5,0,1,8,0,3,1,2,230,10,S,LFRF,1,NULL,NULL,NULL,NULL,NULL,NULL,5,6,1
Roberto,Alomar,Roberto Alomar,2001,BS,125,Indians,9,0,3,1,4,6,2,2,0,2,410,20,S,2B,2,NULL,NULL,NULL,NULL,NULL,NULL,4,6,1
Sandy,Alomar Jr.,Sandy Alomar Jr.,2001,BS,126,Indians,7,0,3,0,0,13,0,2,1,1,120,15,R,C,3,NULL,NULL,NULL,NULL,NULL,NULL,3,4,1
Wil,Cordero,Wil Cordero,2001,BS,130,Indians,7,1,1,1,2,7,0,4,1,3,190,10,R,LFRF,1,NULL,NULL,NULL,NULL,NULL,NULL,3,8,1
Travis,Fryman,Travis Fryman,2001,BS,132,Indians,9,1,1,1,5,8,0,2,0,2,300,10,R,3B,2,NULL,NULL,NULL,NULL,NULL,NULL,3,4,1
Kenny,Lofton,Kenny Lofton,2001,BS,134,Indians,9,0,3,2,5,5,2,1,1,1,290,20,L,OF,1,NULL,NULL,NULL,NULL,NULL,NULL,5,5,1
Manny,Ramirez,Manny Ramirez,2001,BS,135,Indians,10,2,0,0,6,5,0,3,0,4,560,10,R,LFRF,0,NULL,NULL,NULL,NULL,NULL,NULL,2,7,1
David,Segui,David Segui,2001,BS,136,Indians,9,0,3,0,3,9,0,3,0,2,320,10,S,1B,0,NULL,NULL,NULL,NULL,NULL,NULL,3,5,1
Jim,Thome,Jim Thome,2001,BS,137,Indians,9,3,0,0,9,3,0,2,0,3,310,10,L,1B,0,NULL,NULL,NULL,NULL,NULL,NULL,3,5,1
Omar,Vizquel,Omar Vizquel,2001,BS,138,Indians,9,0,2,2,6,8,1,1,0,0,250,20,S,SS,2,NULL,NULL,NULL,NULL,NULL,NULL,4,2,1
Jeff,Cirillo,Jeff Cirillo,2001,BS,142,Rockies,9,0,2,1,4,8,0,4,0,1,300,15,R,3B,2,NULL,NULL,NULL,NULL,NULL,NULL,3,5,1
Jeff,Frye,Jeff Frye,2001,BS,143,Rockies,9,1,2,0,4,12,0,1,0,0,190,15,R,2B,2,NULL,NULL,NULL,NULL,NULL,NULL,3,1,1
Jeffrey,Hammonds,Jeffrey Hammonds,2001,BS,144,Rockies,9,1,0,2,3,9,1,2,0,2,380,20,R,LFRF,1,NULL,NULL,NULL,NULL,NULL,NULL,3,5,1
Todd,Helton,Todd Helton,2001,BS,145,Rockies,10,0,1,1,5,6,0,4,0,3,560,15,L,1B,1,NULL,NULL,NULL,NULL,NULL,NULL,2,7,1
Todd,Hollandsworth,Todd Hollandsworth,2001,BS,146,Rockies,7,2,1,0,4,6,2,2,0,3,200,20,L,OF,1,NULL,NULL,NULL,NULL,NULL,NULL,3,7,1
Butch,Huskey,Butch Huskey,2001,BS,147,Rockies,8,2,1,1,6,7,0,1,0,2,110,10,R,DH,0,NULL,NULL,NULL,NULL,NULL,NULL,4,3,1
Brent,Mayne,Brent Mayne,2001,BS,149,Rockies,8,0,2,2,4,10,0,1,0,1,130,10,L,C,4,NULL,NULL,NULL,NULL,NULL,NULL,4,2,1
Neifi,Perez,Neifi Perez,2001,BS,150,Rockies,7,0,3,2,0,10,0,3,0,2,200,15,S,SS,5,NULL,NULL,NULL,NULL,NULL,NULL,5,5,1
Terry,Shumpert,Terry Shumpert,2001,BS,151,Rockies,7,1,0,2,6,5,1,1,2,2,200,20,R,2B,2,3B,2,LFRF,1,NULL,NULL,3,6,3
Larry,Walker,Larry Walker,2001,BS,152,Rockies,9,0,3,0,6,6,0,2,1,2,340,15,L,LFRF,2,NULL,NULL,NULL,NULL,NULL,NULL,3,5,1
Brad,Ausmus,Brad Ausmus,2001,BS,156,Tigers,8,0,2,1,6,7,1,2,0,1,210,15,R,C,9,NULL,NULL,NULL,NULL,NULL,NULL,3,4,1
Rich,Becker,Rich Becker,2001,BS,157,Tigers,9,2,1,0,10,5,0,0,0,2,280,15,L,CF,2,LFRF,1,NULL,NULL,NULL,NULL,3,2,2
Tony,Clark,Tony Clark,2001,BS,158,Tigers,8,3,2,0,4,5,0,2,0,4,280,10,S,1B,0,NULL,NULL,NULL,NULL,NULL,NULL,5,6,1
Deivi,Cruz,Deivi Cruz,2001,BS,159,Tigers,7,0,3,1,0,10,0,4,1,1,130,10,R,SS,3,NULL,NULL,NULL,NULL,NULL,NULL,4,6,1
Damion,Easley,Damion Easley,2001,BS,160,Tigers,8,1,2,1,6,5,1,2,0,2,280,20,R,2B,4,NULL,NULL,NULL,NULL,NULL,NULL,4,5,1
Juan,Encarnacion,Juan Encarnacion,2001,BS,161,Tigers,7,1,2,0,1,10,1,2,1,2,180,20,R,OF,1,NULL,NULL,NULL,NULL,NULL,NULL,3,6,1
Juan,Gonzalez,Juan Gonzalez,2001,BS,162,Tigers,7,1,1,1,2,8,0,3,0,4,190,10,R,LFRF,0,NULL,NULL,NULL,NULL,NULL,NULL,3,7,1
Shane,Halter,Shane Halter,2001,BS,163,Tigers,7,3,1,2,1,9,1,1,1,1,90,15,R,3B,2,1B,0,NULL,NULL,NULL,NULL,6,4,2
Bobby,Higginson,Bobby Higginson,2001,BS,164,Tigers,9,1,0,3,4,5,1,3,0,3,450,20,L,LFRF,2,NULL,NULL,NULL,NULL,NULL,NULL,4,7,1
Dean,Palmer,Dean Palmer,2001,BS,168,Tigers,8,4,0,1,5,5,0,1,0,4,260,15,R,3B,0,NULL,NULL,NULL,NULL,NULL,NULL,5,5,1
Luis,Castillo,Luis Castillo,2001,BS,171,Marlins,10,1,3,0,5,8,3,0,0,0,340,20,S,2B,2,NULL,NULL,NULL,NULL,NULL,NULL,4,3,1
Cliff,Floyd,Cliff Floyd,2001,BS,173,Marlins,9,2,1,1,4,4,2,3,0,3,440,20,L,LFRF,1,NULL,NULL,NULL,NULL,NULL,NULL,4,8,1
Alex,Gonzalez,Alex Gonzalez,2001,BS,174,Marlins,4,3,1,2,0,3,4,3,2,2,10,20,R,SS,2,NULL,NULL,NULL,NULL,NULL,NULL,6,11,1
Mark,Kotsay,Mark Kotsay,2001,BS,175,Marlins,8,0,3,1,2,9,1,2,1,1,230,20,L,LFRF,2,NULL,NULL,NULL,NULL,NULL,NULL,4,5,1
Derrek,Lee,Derrek Lee,2001,BS,176,Marlins,8,3,0,0,5,7,0,1,0,4,260,10,R,1B,0,NULL,NULL,NULL,NULL,NULL,NULL,3,5,1
Mike,Lowell,Mike Lowell,2001,BS,178,Marlins,8,0,0,4,5,5,0,3,0,3,280,15,R,3B,2,NULL,NULL,NULL,NULL,NULL,NULL,4,6,1
Mike,Redmond,Mike Redmond,2001,BS,180,Marlins,7,0,4,1,3,11,0,0,1,0,30,10,R,C,6,NULL,NULL,NULL,NULL,NULL,NULL,5,1,1
Henry,Rodriguez,Henry Rodriguez,2001,BS,181,Marlins,7,2,0,2,4,5,0,3,0,4,190,10,L,LFRF,1,NULL,NULL,NULL,NULL,NULL,NULL,4,7,1
Mark,Smith,Mark Smith,2001,BS,183,Marlins,7,5,1,0,4,7,0,2,0,1,60,15,R,LFRF,1,NULL,NULL,NULL,NULL,NULL,NULL,6,3,1
Preston,Wilson,Preston Wilson,2001,BS,184,Marlins,7,3,0,0,4,3,3,3,0,4,270,20,R,CF,2,LFRF,1,NULL,NULL,NULL,NULL,3,10,2
Moises,Alou,Moises Alou,2001,BS,185,Astros,10,0,1,3,3,8,0,2,0,3,510,15,R,LFRF,1,NULL,NULL,NULL,NULL,NULL,NULL,4,5,1
Jeff,Bagwell,Jeff Bagwell,2001,BS,186,Astros,10,2,0,1,7,4,0,2,0,4,560,15,R,1B,0,NULL,NULL,NULL,NULL,NULL,NULL,3,6,1
Lance,Berkman,Lance Berkman,2001,BS,187,Astros,9,2,1,0,7,4,1,2,0,3,400,15,S,LFRF,1,NULL,NULL,NULL,NULL,NULL,NULL,3,6,1
Craig,Biggio,Craig Biggio,2001,BS,188,Astros,9,1,2,0,8,6,1,0,1,1,260,15,R,2B,3,NULL,NULL,NULL,NULL,NULL,NULL,3,3,1
Tim,Bogar,Tim Bogar,2001,BS,189,Astros,5,0,1,1,7,8,0,0,1,2,20,15,R,SS,4,NULL,NULL,NULL,NULL,NULL,NULL,2,3,1
Richard,Hidalgo,Richard Hidalgo,2001,BS,193,Astros,9,2,0,1,5,4,1,3,0,4,500,15,R,CF,3,LFRF,2,NULL,NULL,NULL,NULL,3,8,2
Julio,Lugo,Julio Lugo,2001,BS,196,Astros,8,2,1,1,4,6,2,2,1,1,240,20,R,2B,2,SS,2,NULL,NULL,NULL,NULL,4,6,2
Mitch,Meluskey,Mitch Meluskey,2001,BS,197,Astros,9,3,0,1,6,7,0,1,0,2,290,10,S,C,3,NULL,NULL,NULL,NULL,NULL,NULL,4,3,1
Bill,Spiers,Bill Spiers,2001,BS,198,Astros,9,0,4,1,5,8,1,1,0,0,210,15,L,2B,3,SS,3,3B,2,NULL,NULL,5,2,3
Daryle,Ward,Daryle Ward,2001,BS,199,Astros,6,3,0,2,0,5,0,2,1,7,200,10,L,LFRF,1,1B,0,NULL,NULL,NULL,NULL,5,10,2
Carlos,Beltran,Carlos Beltran,2001,BS,200,Royals,7,1,3,1,3,6,2,1,1,2,190,20,R,CF,2,LFRF,1,NULL,NULL,NULL,NULL,5,6,2
Johnny,Damon,Johnny Damon,2001,BS,202,Royals,9,0,2,2,3,7,2,2,1,1,350,20,L,CF,2,LFRF,1,NULL,NULL,NULL,NULL,4,6,2
Jermaine,Dye,Jermaine Dye,2001,BS,203,Royals,9,1,1,1,4,7,0,3,0,3,370,10,R,LFRF,1,NULL,NULL,NULL,NULL,NULL,NULL,3,6,1
Carlos,Febles,Carlos Febles,2001,BS,204,Royals,7,0,3,0,7,7,2,1,0,0,90,20,R,2B,2,NULL,NULL,NULL,NULL,NULL,NULL,3,3,1
Dave,McCarty,Dave McCarty,2001,BS,205,Royals,7,2,1,0,2,8,0,2,1,4,210,10,R,1B,1,NULL,NULL,NULL,NULL,NULL,NULL,3,7,1
Mark,Quinn,Mark Quinn,2001,BS,206,Royals,8,2,2,1,2,7,0,3,0,3,260,15,R,LFRF,1,NULL,NULL,NULL,NULL,NULL,NULL,5,6,1
Joe,Randa,Joe Randa,2001,BS,207,Royals,8,0,2,2,1,11,0,2,0,2,230,15,R,3B,2,NULL,NULL,NULL,NULL,NULL,NULL,4,4,1
Rey,Sanchez,Rey Sanchez,2001,BS,209,Royals,7,0,4,0,1,13,1,1,0,0,130,15,R,SS,5,NULL,NULL,NULL,NULL,NULL,NULL,4,2,1
Mike,Sweeney,Mike Sweeney,2001,BS,213,Royals,10,0,2,2,5,8,0,1,0,2,380,15,R,1B,0,NULL,NULL,NULL,NULL,NULL,NULL,4,3,1
Gregg,Zaun,Gregg Zaun,2001,BS,214,Royals,9,0,2,2,7,6,1,1,0,1,250,15,S,C,3,NULL,NULL,NULL,NULL,NULL,NULL,4,3,1
Adrian,Beltre,Adrian Beltre,2001,BS,216,Dodgers,8,0,1,2,4,7,1,2,0,3,280,15,R,3B,2,NULL,NULL,NULL,NULL,NULL,NULL,3,6,1
Alex,Cora,Alex Cora,2001,BS,218,Dodgers,6,0,2,1,3,8,1,2,2,1,50,15,L,SS,2,NULL,NULL,NULL,NULL,NULL,NULL,3,6,1
Tom,Goodwin,Tom Goodwin,2001,BS,220,Dodgers,8,2,2,0,5,5,4,0,1,1,210,20,L,CF,2,LFRF,1,NULL,NULL,NULL,NULL,4,6,2
Shawn,Green,Shawn Green,2001,BS,221,Dodgers,8,1,2,0,6,4,1,3,1,2,280,20,L,LFRF,1,NULL,NULL,NULL,NULL,NULL,NULL,3,7,1
Mark,Grudzielanek,Mark Grudzielanek,2001,BS,222,Dodgers,8,0,4,1,3,8,1,2,1,0,150,15,R,2B,2,NULL,NULL,NULL,NULL,NULL,NULL,5,4,1
Dave,Hansen,Dave Hansen,2001,BS,223,Dodgers,9,2,1,0,8,3,0,2,1,3,310,10,L,DH,0,NULL,NULL,NULL,NULL,NULL,NULL,3,6,1
Todd,Hundley,Todd Hundley,2001,BS,224,Dodgers,7,2,1,2,0,9,1,2,1,2,150,15,S,C,1,NULL,NULL,NULL,NULL,NULL,NULL,5,6,1
Eric,Karros,Eric Karros,2001,BS,225,Dodgers,7,1,0,2,5,6,0,2,0,4,190,15,R,1B,0,NULL,NULL,NULL,NULL,NULL,NULL,3,6,1
Chad,Kreuter,Chad Kreuter,2001,BS,226,Dodgers,9,2,1,0,10,5,0,1,0,1,240,10,S,C,7,NULL,NULL,NULL,NULL,NULL,NULL,3,2,1
Gary,Sheffield,Gary Sheffield,2001,BS,229,Dodgers,10,0,1,2,7,5,0,1,0,4,550,15,R,LFRF,1,NULL,NULL,NULL,NULL,NULL,NULL,3,5,1
Ron,Belliard,Ron Belliard,2001,BS,231,Brewers,8,0,3,1,6,6,0,2,1,1,190,15,R,2B,3,NULL,NULL,NULL,NULL,NULL,NULL,4,4,1
Henry,Blanco,Henry Blanco,2001,BS,232,Brewers,7,3,0,3,4,5,0,3,0,2,160,10,R,C,11,NULL,NULL,NULL,NULL,NULL,NULL,6,5,1
Jeromy,Burnitz,Jeromy Burnitz,2001,BS,233,Brewers,8,2,1,1,8,3,0,2,0,3,240,15,L,LFRF,1,NULL,NULL,NULL,NULL,NULL,NULL,4,5,1
Marquis,Grissom,Marquis Grissom,2001,BS,236,Brewers,6,1,2,1,1,10,2,0,1,2,90,20,R,CF,2,LFRF,1,NULL,NULL,NULL,NULL,4,5,2
Charlie,Hayes,Charlie Hayes,2001,BS,237,Brewers,7,2,0,1,7,8,0,0,0,2,90,10,R,3B,2,1B,0,NULL,NULL,NULL,NULL,3,2,2
Jose,Hernandez,Jose Hernandez,2001,BS,239,Brewers,7,3,2,0,4,7,0,2,0,2,140,15,R,SS,3,3B,1,NULL,NULL,NULL,NULL,5,4,2
Geoff,Jenkins,Geoff Jenkins,2001,BS,240,Brewers,8,3,1,0,2,5,1,3,1,4,380,20,L,LFRF,1,NULL,NULL,NULL,NULL,NULL,NULL,4,9,1
Mark,Loretta,Mark Loretta,2001,BS,242,Brewers,7,0,3,0,4,9,0,3,0,1,150,10,R,SS,5,NULL,NULL,NULL,NULL,NULL,NULL,3,4,1
Richie,Sexson,Richie Sexson,2001,BS,243,Brewers,8,4,0,0,5,5,0,2,0,4,300,15,R,1B,1,LFRF,1,NULL,NULL,NULL,NULL,4,6,2
Jay,Canizaro,Jay Canizaro,2001,BS,245,Twins,7,1,1,1,3,8,1,3,0,2,140,15,R,2B,1,NULL,NULL,NULL,NULL,NULL,NULL,3,6,1
Ron,Coomer,Ron Coomer,2001,BS,246,Twins,7,0,3,1,2,10,0,2,0,2,130,15,R,1B,1,NULL,NULL,NULL,NULL,NULL,NULL,4,4,1
Cristian,Guzman,Cristian Guzman,2001,BS,247,Twins,7,1,5,0,2,5,2,1,3,1,160,20,S,SS,2,NULL,NULL,NULL,NULL,NULL,NULL,6,7,1
Denny,Hocking,Denny Hocking,2001,BS,249,Twins,9,2,1,1,5,7,1,2,1,0,260,15,S,2B,2,CF,2,LFRF,1,NULL,NULL,4,4,3
Torii,Hunter,Torii Hunter,2001,BS,250,Twins,7,2,2,0,1,10,1,1,2,1,160,15,R,CF,3,LFRF,2,NULL,NULL,NULL,NULL,4,5,2
Jacque,Jones,Jacque Jones,2001,BS,251,Twins,7,2,3,0,0,8,1,2,1,3,170,15,L,LFRF,1,NULL,NULL,NULL,NULL,NULL,NULL,5,7,1
Corey,Koskie,Corey Koskie,2001,BS,252,Twins,9,2,1,0,6,7,0,2,1,1,280,15,L,3B,2,NULL,NULL,NULL,NULL,NULL,NULL,3,4,1
Matt,Lawton,Matt Lawton,2001,BS,253,Twins,9,0,3,0,6,6,1,3,0,1,300,20,L,LFRF,0,NULL,NULL,NULL,NULL,NULL,NULL,3,5,1
Matt,LeCroy,Matt LeCroy,2001,BS,254,Twins,6,2,0,2,5,5,0,1,1,4,110,10,R,C,5,NULL,NULL,NULL,NULL,NULL,NULL,4,6,1
David,Ortiz,David Ortiz,2001,BS,256,Twins,9,2,2,1,5,5,0,4,0,1,180,10,L,DH,0,NULL,NULL,NULL,NULL,NULL,NULL,5,5,1
Michael,Barrett,Michael Barrett,2001,BS,260,Expos,7,0,5,1,2,9,0,2,0,1,60,10,R,C,4,3B,1,NULL,NULL,NULL,NULL,6,3,2
Peter,Bergeron,Peter Bergeron,2001,BS,261,Expos,7,1,3,0,5,7,1,2,1,0,70,15,L,CF,2,LFRF,1,NULL,NULL,NULL,NULL,4,4,2
Milton,Bradley,Milton Bradley,2001,BS,262,Expos,7,1,2,0,6,7,1,2,0,1,110,15,S,CF,2,LFRF,1,NULL,NULL,NULL,NULL,3,4,2
Orlando,Cabrera,Orlando Cabrera,2001,BS,263,Expos,6,0,4,2,0,7,0,4,0,3,120,15,R,SS,4,NULL,NULL,NULL,NULL,NULL,NULL,6,7,1
Vladimir,Guerrero,Vladimir Guerrero,2001,BS,264,Expos,9,0,3,0,2,8,0,2,1,4,470,15,R,LFRF,1,NULL,NULL,NULL,NULL,NULL,NULL,3,7,1
Wilton,Guerrero,Wilton Guerrero,2001,BS,265,Expos,7,0,6,0,1,11,1,0,1,0,60,20,S,LFRF,1,NULL,NULL,NULL,NULL,NULL,NULL,6,2,1
Terry,Jones,Terry Jones,2001,BS,267,Expos,6,2,4,0,0,8,3,2,1,0,20,20,S,LFRF,1,CF,0,NULL,NULL,NULL,NULL,6,6,2
Mike,Mordecai,Mike Mordecai,2001,BS,270,Expos,7,2,2,0,3,7,1,3,0,2,130,15,R,3B,1,NULL,NULL,NULL,NULL,NULL,NULL,4,6,1
Lee,Stevens,Lee Stevens,2001,BS,271,Expos,7,2,1,0,4,6,0,3,0,4,180,10,L,1B,0,NULL,NULL,NULL,NULL,NULL,NULL,3,7,1
Jose,Vidro,Jose Vidro,2001,BS,274,Expos,9,0,3,1,2,8,0,4,0,2,400,15,S,2B,3,NULL,NULL,NULL,NULL,NULL,NULL,4,6,1
Edgardo,Alfonzo,Edgardo Alfonzo,2001,BS,275,Mets,10,0,0,3,7,6,0,2,0,2,460,15,R,2B,3,NULL,NULL,NULL,NULL,NULL,NULL,3,4,1
Derek,Bell,Derek Bell,2001,BS,276,Mets,8,2,2,0,6,5,1,2,0,2,200,15,R,LFRF,1,NULL,NULL,NULL,NULL,NULL,NULL,4,5,1
Mike,Bordick,Mike Bordick,2001,BS,278,Mets,8,1,1,3,3,7,1,2,0,2,220,15,R,SS,2,NULL,NULL,NULL,NULL,NULL,NULL,5,5,1
Lenny,Harris,Lenny Harris,2001,BS,280,Mets,7,0,5,1,2,6,3,0,2,1,60,20,L,DH,0,NULL,NULL,NULL,NULL,NULL,NULL,6,6,1
Jay,Payton,Jay Payton,2001,BS,282,Mets,8,0,3,2,2,9,0,2,0,2,220,15,R,CF,2,LFRF,1,NULL,NULL,NULL,NULL,5,4,2
Mike,Piazza,Mike Piazza,2001,BS,283,Mets,9,0,1,2,4,7,0,2,0,4,450,15,R,C,3,NULL,NULL,NULL,NULL,NULL,NULL,3,6,1
Todd,Pratt,Todd Pratt,2001,BS,284,Mets,8,1,1,1,7,7,0,0,0,3,230,10,R,C,6,NULL,NULL,NULL,NULL,NULL,NULL,3,3,1
Bubba,Trammell,Bubba Trammell,2001,BS,286,Mets,7,2,0,1,6,4,1,2,1,3,170,15,R,LFRF,1,NULL,NULL,NULL,NULL,NULL,NULL,3,7,1
Robin,Ventura,Robin Ventura,2001,BS,287,Mets,7,1,1,1,7,4,0,2,0,4,220,15,L,3B,3,NULL,NULL,NULL,NULL,NULL,NULL,3,6,1
Todd,Zeile,Todd Zeile,2001,BS,290,Mets,8,0,2,2,6,5,0,3,0,2,190,15,R,1B,0,NULL,NULL,NULL,NULL,NULL,NULL,4,5,1
Scott,Brosius,Scott Brosius,2001,BS,291,Yankees,6,0,1,2,5,7,0,2,0,3,100,10,R,3B,3,NULL,NULL,NULL,NULL,NULL,NULL,3,5,1
Derek,Jeter,Derek Jeter,2001,BS,295,Yankees,10,1,2,1,4,8,1,2,0,1,410,20,R,SS,1,NULL,NULL,NULL,NULL,NULL,NULL,4,4,1
Dave,Justice,Dave Justice,2001,BS,296,Yankees,9,1,2,1,6,4,0,2,0,4,420,15,L,LFRF,1,NULL,NULL,NULL,NULL,NULL,NULL,4,6,1
Chuck,Knoblauch,Chuck Knoblauch,2001,BS,297,Yankees,9,0,3,2,5,7,1,2,0,0,200,20,R,2B,0,NULL,NULL,NULL,NULL,NULL,NULL,5,3,1
Tino,Martinez,Tino Martinez,2001,BS,298,Yankees,7,0,2,2,3,7,0,3,1,2,130,15,L,1B,0,NULL,NULL,NULL,NULL,NULL,NULL,4,6,1
Paul,O'Neill,Paul O'Neill,2001,BS,301,Yankees,8,0,4,1,3,8,1,1,0,2,200,15,L,LFRF,2,NULL,NULL,NULL,NULL,NULL,NULL,5,4,1
Jorge,Posada,Jorge Posada,2001,BS,303,Yankees,10,4,0,0,8,4,0,2,0,2,430,10,S,C,6,NULL,NULL,NULL,NULL,NULL,NULL,4,4,1
Jose,Vizcaino,Jose Vizcaino,2001,BS,305,Yankees,7,1,4,1,2,10,1,0,1,0,80,15,S,2B,4,NULL,NULL,NULL,NULL,NULL,NULL,6,2,1
Bernie,Williams,Bernie Williams,2001,BS,306,Yankees,9,0,4,0,4,5,1,2,1,3,430,15,S,OF,1,NULL,NULL,NULL,NULL,NULL,NULL,4,7,1
Eric,Chavez,Eric Chavez,2001,BS,308,Athletics,8,1,1,2,4,7,0,1,1,3,260,15,L,3B,1,NULL,NULL,NULL,NULL,NULL,NULL,4,5,1
Ryan,Christenson,Ryan Christenson,2001,BS,309,Athletics,8,3,1,0,6,7,0,0,1,2,190,15,R,LFRF,1,NULL,NULL,NULL,NULL,NULL,NULL,4,3,1
Jason,Giambi,Jason Giambi,2001,BS,310,Athletics,11,1,0,1,9,5,0,1,0,3,570,10,L,1B,0,NULL,NULL,NULL,NULL,NULL,NULL,2,4,1
Jeremy,Giambi,Jeremy Giambi,2001,BS,311,Athletics,8,3,0,1,6,6,0,1,1,2,200,15,L,LFRF,1,NULL,NULL,NULL,NULL,NULL,NULL,4,4,1
Ben,Grieve,Ben Grieve,2001,BS,312,Athletics,8,2,1,0,5,6,0,3,0,3,270,15,L,LFRF,1,NULL,NULL,NULL,NULL,NULL,NULL,3,6,1
Ramon,Hernandez,Ramon Hernandez,2001,BS,314,Athletics,7,0,4,1,4,7,0,2,0,2,110,10,R,C,5,NULL,NULL,NULL,NULL,NULL,NULL,5,4,1
Terrence,Long,Terrence Long,2001,BS,317,Athletics,8,0,4,1,2,8,0,2,1,2,210,15,L,CF,1,LFRF,0,NULL,NULL,NULL,NULL,5,5,2
Matt,Stairs,Matt Stairs,2001,BS,320,Athletics,7,2,0,1,9,3,0,2,0,3,130,15,L,LFRF,0,NULL,NULL,NULL,NULL,NULL,NULL,3,5,1
Miguel,Tejada,Miguel Tejada,2001,BS,321,Athletics,8,1,2,1,4,7,0,2,0,3,270,15,R,SS,2,NULL,NULL,NULL,NULL,NULL,NULL,4,5,1
Randy,Velarde,Randy Velarde,2001,BS,322,Athletics,8,2,1,1,5,8,1,1,0,1,190,15,R,2B,4,NULL,NULL,NULL,NULL,NULL,NULL,4,3,1
Bobby,Abreu,Bobby Abreu,2001,BS,323,Phillies,10,2,1,1,6,4,1,2,1,2,510,20,L,LFRF,2,NULL,NULL,NULL,NULL,NULL,NULL,4,6,1
Pat,Burrell,Pat Burrell,2001,BS,325,Phillies,8,3,0,0,7,4,0,3,0,3,240,10,R,LFRF,1,1B,0,NULL,NULL,NULL,NULL,3,6,2
Rob,Ducey,Rob Ducey,2001,BS,327,Phillies,7,3,0,2,10,2,0,1,0,2,30,15,R,DH,0,NULL,NULL,NULL,NULL,NULL,NULL,5,3,1
Doug,Glanville,Doug Glanville,2001,BS,328,Phillies,7,0,4,1,0,10,2,1,1,1,140,20,R,CF,2,LFRF,1,NULL,NULL,NULL,NULL,5,5,2
Kevin,Jordan,Kevin Jordan,2001,BS,330,Phillies,5,0,5,1,0,9,0,2,1,2,10,10,R,2B,3,3B,2,NULL,NULL,NULL,NULL,6,5,2
Travis,Lee,Travis Lee,2001,BS,331,Phillies,8,1,3,1,7,4,1,2,0,1,150,15,L,LFRF,2,1B,0,NULL,NULL,NULL,NULL,5,4,2
Mike,Lieberthal,Mike Lieberthal,2001,BS,332,Phillies,8,0,1,3,4,6,0,4,0,2,270,15,R,C,7,NULL,NULL,NULL,NULL,NULL,NULL,4,6,1
Scott,Rolen,Scott Rolen,2001,BS,335,Phillies,8,1,0,2,3,5,1,3,1,4,390,15,R,3B,3,NULL,NULL,NULL,NULL,NULL,NULL,3,9,1
Kevin,Sefcik,Kevin Sefcik,2001,BS,336,Phillies,6,0,3,1,5,7,2,1,1,0,20,20,R,CF,2,LFRF,1,NULL,NULL,NULL,NULL,4,4,2
Mike,Benjamin,Mike Benjamin,2001,BS,339,Pirates,6,1,1,1,1,9,1,5,1,0,110,20,R,2B,3,SS,3,3B,2,NULL,NULL,3,7,3
Adrian,Brown,Adrian Brown,2001,BS,341,Pirates,8,0,4,0,3,8,2,1,1,1,230,20,S,OF,1,NULL,NULL,NULL,NULL,NULL,NULL,4,5,1
Brian,Giles,Brian Giles,2001,BS,342,Pirates,10,0,2,1,7,5,0,2,0,3,510,15,L,CF,2,LFRF,1,NULL,NULL,NULL,NULL,3,5,2
Jason,Kendall,Jason Kendall,2001,BS,343,Pirates,10,0,3,1,5,7,1,2,0,1,420,20,R,C,4,NULL,NULL,NULL,NULL,NULL,NULL,4,4,1
Pat,Meares,Pat Meares,2001,BS,344,Pirates,6,1,1,1,3,8,0,2,1,3,100,10,R,SS,3,NULL,NULL,NULL,NULL,NULL,NULL,3,6,1
Warren,Morris,Warren Morris,2001,BS,345,Pirates,8,0,2,3,5,8,0,2,0,0,120,15,L,2B,3,NULL,NULL,NULL,NULL,NULL,NULL,5,2,1
Aramis,Ramirez,Aramis Ramirez,2001,BS,346,Pirates,7,0,2,2,1,9,0,4,1,1,100,10,R,3B,1,NULL,NULL,NULL,NULL,NULL,NULL,4,6,1
John,Vander Wal,John Vander Wal,2001,BS,350,Pirates,10,3,0,1,6,3,1,3,0,3,510,15,L,LFRF,1,NULL,NULL,NULL,NULL,NULL,NULL,4,7,1
Kevin,Young,Kevin Young,2001,BS,352,Pirates,7,2,0,3,3,6,1,2,0,3,140,15,R,1B,0,NULL,NULL,NULL,NULL,NULL,NULL,5,6,1
Bret,Boone,Bret Boone,2001,BS,354,Padres,7,2,0,2,5,6,1,1,0,3,160,15,R,2B,2,NULL,NULL,NULL,NULL,NULL,NULL,4,5,1
Wiki,Gonzalez,Wiki Gonzalez,2001,BS,357,Padres,6,0,3,1,5,6,0,3,1,1,50,15,R,C,6,NULL,NULL,NULL,NULL,NULL,NULL,4,5,1
Damian,Jackson,Damian Jackson,2001,BS,359,Padres,8,4,1,0,5,4,2,2,1,1,250,20,R,2B,3,SS,3,NULL,NULL,NULL,NULL,5,6,2
Ryan,Klesko,Ryan Klesko,2001,BS,360,Padres,9,1,2,1,7,3,1,2,0,3,380,20,L,1B,0,NULL,NULL,NULL,NULL,NULL,NULL,4,6,1
Phil,Nevin,Phil Nevin,2001,BS,361,Padres,9,3,2,0,3,7,0,2,0,3,360,15,R,3B,1,NULL,NULL,NULL,NULL,NULL,NULL,5,5,1
Eric,Owens,Eric Owens,2001,BS,362,Padres,8,0,4,0,2,10,2,1,1,0,180,20,R,CF,2,LFRF,1,NULL,NULL,NULL,NULL,4,4,2
Desi,Relaford,Desi Relaford,2001,BS,363,Padres,8,1,2,2,9,4,1,0,0,1,170,20,S,SS,2,NULL,NULL,NULL,NULL,NULL,NULL,5,2,1
Ruben,Rivera,Ruben Rivera,2001,BS,364,Padres,6,3,0,0,7,2,1,1,2,4,140,15,R,CF,2,LFRF,1,NULL,NULL,NULL,NULL,3,8,2
Rich,Aurilia,Rich Aurilia,2001,BS,368,Giants,8,1,1,3,4,7,0,2,0,2,200,10,R,SS,3,NULL,NULL,NULL,NULL,NULL,NULL,5,4,1
Marvin,Benard,Marvin Benard,2001,BS,369,Giants,8,1,3,0,5,6,1,2,1,1,230,20,L,CF,2,LFRF,1,NULL,NULL,NULL,NULL,4,5,2
Barry,Bonds,Barry Bonds,2001,BS,370,Giants,10,1,0,2,7,2,1,2,0,5,650,15,L,LFRF,1,NULL,NULL,NULL,NULL,NULL,NULL,3,8,1
Ellis,Burks,Ellis Burks,2001,BS,371,Giants,10,0,2,1,4,7,0,2,1,3,540,15,R,LFRF,1,NULL,NULL,NULL,NULL,NULL,NULL,3,6,1
Bobby,Estalella,Bobby Estalella,2001,BS,372,Giants,7,3,0,0,9,1,0,3,1,3,190,15,R,C,5,NULL,NULL,NULL,NULL,NULL,NULL,3,7,1
Jeff,Kent,Jeff Kent,2001,BS,375,Giants,10,1,0,2,5,5,1,2,1,3,580,15,R,2B,3,NULL,NULL,NULL,NULL,NULL,NULL,3,7,1
Doug,Mirabelli,Doug Mirabelli,2001,BS,376,Giants,7,3,0,1,8,4,0,2,1,1,100,15,R,C,5,NULL,NULL,NULL,NULL,NULL,NULL,4,4,1
Bill,Mueller,Bill Mueller,2001,BS,377,Giants,8,0,3,2,4,8,0,2,0,1,170,15,S,3B,2,NULL,NULL,NULL,NULL,NULL,NULL,5,3,1
Calvin,Murray,Calvin Murray,2001,BS,378,Giants,8,1,0,4,7,4,2,2,0,0,130,20,R,OF,1,NULL,NULL,NULL,NULL,NULL,NULL,5,4,1
Armando,Rios,Armando Rios,2001,BS,381,Giants,7,1,1,1,5,3,1,3,2,3,200,15,L,LFRF,1,NULL,NULL,NULL,NULL,NULL,NULL,3,9,1
J.,T. Snow,J. T. Snow,2001,BS,384,Giants,9,3,1,1,5,6,0,2,0,2,250,10,L,1B,0,NULL,NULL,NULL,NULL,NULL,NULL,5,4,1
David,Bell,David Bell,2001,BS,386,Mariners,7,0,2,2,5,7,0,2,0,2,140,15,R,2B,2,3B,2,NULL,NULL,NULL,NULL,4,4,2
Jay,Buhner,Jay Buhner,2001,BS,387,Mariners,8,3,0,0,8,3,0,1,0,5,310,10,R,LFRF,1,NULL,NULL,NULL,NULL,NULL,NULL,3,6,1
Mike,Cameron,Mike Cameron,2001,BS,388,Mariners,9,3,0,2,6,4,1,2,0,2,350,20,R,CF,2,LFRF,1,NULL,NULL,NULL,NULL,5,5,2
Rickey,Henderson,Rickey Henderson,2001,BS,390,Mariners,9,1,2,2,9,4,2,0,0,0,170,20,R,LFRF,1,NULL,NULL,NULL,NULL,NULL,NULL,5,2,1
Al,Martin,Al Martin,2001,BS,391,Mariners,8,1,4,0,2,8,1,0,2,2,210,15,L,LFRF,1,NULL,NULL,NULL,NULL,NULL,NULL,5,5,1
Edgar,Martinez,Edgar Martinez,2001,BS,392,Mariners,10,1,1,1,6,6,0,2,0,3,460,15,R,DH,0,NULL,NULL,NULL,NULL,NULL,NULL,3,5,1
Mark,McLemore,Mark McLemore,2001,BS,393,Mariners,8,0,2,2,8,5,2,1,0,0,170,20,S,2B,3,NULL,NULL,NULL,NULL,NULL,NULL,4,3,1
John,Olerud,John Olerud,2001,BS,394,Mariners,9,0,2,1,7,6,0,3,0,1,230,10,L,1B,1,NULL,NULL,NULL,NULL,NULL,NULL,3,4,1
Alex,Rodriguez,Alex Rodriguez,2001,BS,397,Mariners,10,2,1,0,7,4,1,2,0,3,550,15,R,SS,4,NULL,NULL,NULL,NULL,NULL,NULL,3,6,1
Dan,Wilson,Dan Wilson,2001,BS,400,Mariners,6,1,1,1,3,12,0,0,0,2,70,15,R,C,5,NULL,NULL,NULL,NULL,NULL,NULL,3,2,1
Will,Clark,Will Clark,2001,BS,402,Cardinals,10,1,1,2,6,6,0,2,0,2,400,15,L,1B,0,NULL,NULL,NULL,NULL,NULL,NULL,4,4,1
J.,D. Drew,J. D. Drew,2001,BS,403,Cardinals,9,3,0,0,7,6,1,1,0,2,340,20,L,LFRF,1,NULL,NULL,NULL,NULL,NULL,NULL,3,4,1
Jim,Edmonds,Jim Edmonds,2001,BS,404,Cardinals,10,3,0,1,7,4,0,1,0,4,560,15,L,CF,2,LFRF,1,NULL,NULL,NULL,NULL,4,5,2
Ray,Lankford,Ray Lankford,2001,BS,407,Cardinals,9,5,0,0,7,3,0,1,1,3,350,15,L,LFRF,1,NULL,NULL,NULL,NULL,NULL,NULL,5,5,1
Mike,Matheny,Mike Matheny,2001,BS,408,Cardinals,7,3,2,0,2,10,0,2,0,1,110,10,R,C,10,NULL,NULL,NULL,NULL,NULL,NULL,5,3,1
Mark,McGwire,Mark McGwire,2001,BS,409,Cardinals,10,2,0,0,10,2,0,1,0,5,580,10,R,1B,0,NULL,NULL,NULL,NULL,NULL,NULL,2,6,1
Craig,Paquette,Craig Paquette,2001,BS,410,Cardinals,6,3,0,2,2,5,0,3,1,4,120,15,R,3B,1,LFRF,1,NULL,NULL,NULL,NULL,5,8,2
Placido,Polanco,Placido Polanco,2001,BS,411,Cardinals,8,0,4,1,0,12,0,1,1,1,220,15,R,2B,4,SS,3,NULL,NULL,NULL,NULL,5,3,2
Edgar,Renteria,Edgar Renteria,2001,BS,412,Cardinals,8,0,3,1,4,7,1,2,0,2,270,20,R,SS,3,NULL,NULL,NULL,NULL,NULL,NULL,4,5,1
Fernando,Tatis,Fernando Tatis,2001,BS,414,Cardinals,8,2,0,1,9,3,0,2,0,3,260,15,R,3B,2,NULL,NULL,NULL,NULL,NULL,NULL,3,5,1
Fernando,Vina,Fernando Vina,2001,BS,417,Cardinals,9,0,2,2,5,8,1,1,1,0,240,15,L,2B,4,NULL,NULL,NULL,NULL,NULL,NULL,4,3,1
Miguel,Cairo,Miguel Cairo,2001,BS,418,Devil Rays,7,0,3,1,3,8,3,2,0,0,90,20,R,2B,2,NULL,NULL,NULL,NULL,NULL,NULL,4,5,1
Vinny,Castilla,Vinny Castilla,2001,BS,419,Devil Rays,5,0,3,0,0,13,0,0,0,4,30,15,R,3B,2,NULL,NULL,NULL,NULL,NULL,NULL,3,4,1
Steve,Cox,Steve Cox,2001,BS,420,Devil Rays,9,0,3,1,6,6,0,2,0,2,260,10,L,LFRF,1,1B,0,NULL,NULL,NULL,NULL,4,4,2
John,Flaherty,John Flaherty,2001,BS,422,Devil Rays,6,0,1,3,0,13,0,0,0,3,70,10,R,C,5,NULL,NULL,NULL,NULL,NULL,NULL,4,3,1
Jose,Guillen,Jose Guillen,2001,BS,423,Devil Rays,8,2,2,1,4,5,0,2,1,3,260,15,R,LFRF,1,NULL,NULL,NULL,NULL,NULL,NULL,5,6,1
Russ,Johnson,Russ Johnson,2001,BS,425,Devil Rays,7,1,1,2,5,9,1,0,0,1,90,15,R,2B,3,3B,2,NULL,NULL,NULL,NULL,4,2,2
Felix,Martinez,Felix Martinez,2001,BS,427,Devil Rays,6,1,2,0,6,7,1,1,1,1,90,20,S,SS,4,NULL,NULL,NULL,NULL,NULL,NULL,3,4,1
Fred,McGriff,Fred McGriff,2001,BS,428,Devil Rays,9,2,2,1,5,7,0,0,0,3,270,10,L,1B,0,NULL,NULL,NULL,NULL,NULL,NULL,5,3,1
Greg,Vaughn,Greg Vaughn,2001,BS,430,Devil Rays,8,3,0,0,8,2,1,2,0,4,300,15,R,LFRF,1,NULL,NULL,NULL,NULL,NULL,NULL,3,7,1
Gerald,Williams,Gerald Williams,2001,BS,431,Devil Rays,7,1,3,1,1,8,1,2,0,3,160,15,R,OF,1,NULL,NULL,NULL,NULL,NULL,NULL,5,6,1
Luis,Alicea,Luis Alicea,2001,BS,433,Rangers,9,0,1,4,4,9,0,1,1,0,190,10,S,2B,2,NULL,NULL,NULL,NULL,NULL,NULL,5,2,1
Frank,Catalanotto,Frank Catalanotto,2001,BS,434,Rangers,9,0,2,2,5,7,1,1,0,2,300,15,L,2B,2,1B,0,NULL,NULL,NULL,NULL,4,4,2
Royce,Clayton,Royce Clayton,2001,BS,435,Rangers,7,1,4,1,3,6,1,1,1,2,160,20,R,SS,3,NULL,NULL,NULL,NULL,NULL,NULL,6,5,1
Chad,Curtis,Chad Curtis,2001,BS,437,Rangers,8,2,1,1,5,7,0,3,0,1,160,15,R,LFRF,1,NULL,NULL,NULL,NULL,NULL,NULL,4,4,1
Rusty,Greer,Rusty Greer,2001,BS,438,Rangers,9,0,3,1,5,6,0,4,0,1,270,15,L,LFRF,1,NULL,NULL,NULL,NULL,NULL,NULL,4,5,1
Gabe,Kapler,Gabe Kapler,2001,BS,440,Rangers,8,0,2,1,3,8,1,3,0,2,240,15,R,OF,1,NULL,NULL,NULL,NULL,NULL,NULL,3,6,1
Mike,Lamb,Mike Lamb,2001,BS,441,Rangers,7,0,3,1,1,12,0,2,0,1,60,10,L,3B,1,NULL,NULL,NULL,NULL,NULL,NULL,4,3,1
Ricky,Ledee,Ricky Ledee,2001,BS,442,Rangers,7,2,1,1,6,5,1,1,1,2,140,20,L,LFRF,1,NULL,NULL,NULL,NULL,NULL,NULL,4,5,1
Rafael,Palmeiro,Rafael Palmeiro,2001,BS,443,Rangers,9,0,1,3,6,5,0,1,0,4,390,15,L,1B,0,NULL,NULL,NULL,NULL,NULL,NULL,4,5,1
Ivan,Rodriguez,Ivan Rodriguez,2001,BS,444,Rangers,9,0,4,1,0,6,1,3,1,4,530,15,R,C,9,NULL,NULL,NULL,NULL,NULL,NULL,5,9,1
Tony,Batista,Tony Batista,2001,BS,448,Blue Jays,7,3,1,1,1,6,0,2,0,6,290,15,R,3B,2,NULL,NULL,NULL,NULL,NULL,NULL,5,8,1
Jose,Cruz Jr.,Jose Cruz Jr.,2001,BS,449,Blue Jays,7,2,1,1,5,3,1,2,1,4,270,20,S,OF,1,NULL,NULL,NULL,NULL,NULL,NULL,4,8,1
Carlos,Delgado,Carlos Delgado,2001,BS,450,Blue Jays,11,1,2,0,7,4,0,3,0,3,610,10,L,1B,0,NULL,NULL,NULL,NULL,NULL,NULL,3,6,1
Darrin,Fletcher,Darrin Fletcher,2001,BS,452,Blue Jays,8,0,3,1,0,11,0,2,0,3,250,10,L,C,3,NULL,NULL,NULL,NULL,NULL,NULL,4,5,1
Brad,Fullmer,Brad Fullmer,2001,BS,453,Blue Jays,8,0,2,3,2,6,0,3,0,4,270,15,L,DH,0,NULL,NULL,NULL,NULL,NULL,NULL,5,7,1
Alex,S. Gonzalez,Alex S. Gonzalez,2001,BS,454,Blue Jays,7,3,2,0,3,7,0,3,0,2,130,15,R,SS,2,NULL,NULL,NULL,NULL,NULL,NULL,5,5,1
Raul,Mondesi,Raul Mondesi,2001,BS,458,Blue Jays,7,1,2,0,4,3,3,2,0,5,280,20,R,LFRF,1,NULL,NULL,NULL,NULL,NULL,NULL,3,10,1
Mickey,Morandini,Mickey Morandini,2001,BS,459,Blue Jays,7,1,1,2,3,10,1,1,1,0,80,15,L,2B,3,NULL,NULL,NULL,NULL,NULL,NULL,4,3,1
Shannon,Stewart,Shannon Stewart,2001,BS,461,Blue Jays,9,1,3,1,2,7,1,3,0,2,370,20,R,LFRF,1,NULL,NULL,NULL,NULL,NULL,NULL,5,6,1
Randy,Velarde,Randy Velarde,2001,PR,1,Rangers,8,1,2,0,5,8,1,2,0,1,210,15,R,2B,4,NULL,NULL,NULL,NULL,NULL,NULL,3,4,1
Adam,Piatt,Adam Piatt,2001,PR,6,Athletics,8,4,0,1,5,7,0,0,1,2,170,15,R,LFRF,0,NULL,NULL,NULL,NULL,NULL,NULL,5,3,1
Ben,Grieve,Ben Grieve,2001,PR,7,Devil Rays,8,2,1,0,5,6,0,3,0,3,250,10,L,LFRF,1,NULL,NULL,NULL,NULL,NULL,NULL,3,6,1
Homer,Bush,Homer Bush,2001,PR,14,Blue Jays,7,1,3,0,2,11,2,1,0,0,110,20,R,2B,4,NULL,NULL,NULL,NULL,NULL,NULL,4,3,1
Juan,Pierre,Juan Pierre,2001,PR,17,Rockies,8,0,3,0,1,13,2,0,1,0,180,20,L,CF,2,LFRF,1,NULL,NULL,NULL,NULL,3,3,2
Jose,Valentin,Jose Valentin,2001,PR,18,White Sox,8,2,0,2,4,4,1,3,1,3,400,20,S,SS,3,OF,1,NULL,NULL,NULL,NULL,4,8,2
Juan,Gonzalez,Juan Gonzalez,2001,PR,19,Indians,8,2,1,2,2,6,0,3,0,4,290,10,R,LFRF,1,NULL,NULL,NULL,NULL,NULL,NULL,5,7,1
Derek,Bell,Derek Bell,2001,PR,20,Pirates,8,2,2,0,6,5,1,2,0,2,200,15,R,LFRF,1,NULL,NULL,NULL,NULL,NULL,NULL,4,5,1
Enrique,Wilson,Enrique Wilson,2001,PR,23,Pirates,7,0,3,1,2,9,1,3,0,1,140,15,S,SS,3,3B,1,NULL,NULL,NULL,NULL,4,5,2
Dave,Magadan,Dave Magadan,2001,PR,24,Padres,9,0,2,1,8,7,0,1,0,1,190,10,L,3B,1,1B,1,NULL,NULL,NULL,NULL,3,2,2
Jimmy,Rollins,Jimmy Rollins,2001,PR,33,Phillies,7,2,2,1,4,5,2,1,2,1,170,20,S,SS,3,NULL,NULL,NULL,NULL,NULL,NULL,5,6,1
Sandy,Alomar Jr.,Sandy Alomar Jr.,2001,PR,35,White Sox,7,0,2,1,0,12,0,3,0,2,130,10,R,C,3,NULL,NULL,NULL,NULL,NULL,NULL,3,5,1
Roosevelt,Brown,Roosevelt Brown,2001,PR,38,Cubs,7,2,0,1,3,8,1,3,0,2,120,15,L,LFRF,0,NULL,NULL,NULL,NULL,NULL,NULL,3,6,1
Alex,Rodriguez,Alex Rodriguez,2001,PR,39,Rangers,10,1,1,0,7,4,1,2,0,4,640,15,R,SS,4,NULL,NULL,NULL,NULL,NULL,NULL,2,7,1
Andres,Galarraga,Andres Galarraga,2001,PR,40,Rangers,9,1,2,0,5,7,1,2,1,1,370,15,R,DH,0,NULL,NULL,NULL,NULL,NULL,NULL,3,5,1
Chris,Stynes,Chris Stynes,2001,PR,49,Red Sox,9,1,3,0,2,10,0,2,0,2,350,15,R,2B,3,3B,2,NULL,NULL,NULL,NULL,4,4,2
Todd,Walker,Todd Walker,2001,PR,51,Rockies,8,0,2,1,4,8,1,2,1,1,180,15,L,2B,1,NULL,NULL,NULL,NULL,NULL,NULL,3,5,1
Fernando,Seguignol,Fernando Seguignol,2001,PR,52,Expos,7,5,0,0,3,5,0,3,0,4,190,10,S,1B,0,LFRF,0,NULL,NULL,NULL,NULL,5,7,2
Billy,McMillon,Billy McMillon,2001,PR,55,Tigers,9,2,0,2,6,7,0,2,0,1,160,10,L,DH,0,NULL,NULL,NULL,NULL,NULL,NULL,4,3,1
Gary,Bennett,Gary Bennett,2001,PR,56,Phillies,7,2,1,0,6,7,0,2,0,2,110,10,R,C,4,NULL,NULL,NULL,NULL,NULL,NULL,3,4,1
Corey,Patterson,Corey Patterson,2001,PR,57,Cubs,5,3,0,0,4,2,3,2,1,5,100,20,R,CF,2,LFRF,1,NULL,NULL,NULL,NULL,3,11,2
Joe,Crede,Joe Crede,2001,PR,59,White Sox,7,2,0,1,3,10,0,1,0,3,140,10,R,3B,1,NULL,NULL,NULL,NULL,NULL,NULL,3,4,1
A.J.,Pierzynski,A.J. Pierzynski,2001,PR,60,Twins,7,1,1,3,0,9,0,4,1,1,130,15,L,C,4,NULL,NULL,NULL,NULL,NULL,NULL,5,6,1
Ben,Davis,Ben Davis,2001,PR,61,Padres,7,5,1,0,5,6,0,1,0,2,110,15,S,C,3,NULL,NULL,NULL,NULL,NULL,NULL,6,3,1
Ron,Gant,Ron Gant,2001,PR,66,Rockies,8,1,1,1,5,5,0,1,1,5,370,15,R,LFRF,1,NULL,NULL,NULL,NULL,NULL,NULL,3,7,1
Jerry,Hairston Jr.,Jerry Hairston Jr.,2001,PR,67,Orioles,8,0,2,1,7,6,1,2,0,1,240,20,R,2B,4,NULL,NULL,NULL,NULL,NULL,NULL,3,4,1
David,Segui,David Segui,2001,PR,70,Orioles,9,0,3,0,3,10,0,2,0,2,300,10,S,1B,0,NULL,NULL,NULL,NULL,NULL,NULL,3,4,1
Russ,Davis,Russ Davis,2001,PR,71,Giants,7,3,0,3,2,7,0,1,0,4,180,15,R,3B,1,NULL,NULL,NULL,NULL,NULL,NULL,6,5,1
Rico,Brogna,Rico Brogna,2001,PR,75,Braves,7,3,2,0,2,8,0,3,0,2,100,15,L,1B,0,NULL,NULL,NULL,NULL,NULL,NULL,5,5,1
Ellis,Burks,Ellis Burks,2001,PR,81,Indians,10,0,2,1,5,7,0,1,1,3,520,15,R,LFRF,1,NULL,NULL,NULL,NULL,NULL,NULL,3,5,1
Alfonso,Soriano,Alfonso Soriano,2001,PR,82,Yankees,6,4,0,1,0,7,1,4,1,2,110,20,R,2B,2,NULL,NULL,NULL,NULL,NULL,NULL,5,8,1
Wes,Helms,Wes Helms,2001,PR,84,Braves,6,4,0,1,0,10,0,1,1,3,60,10,R,3B,1,1B,0,NULL,NULL,NULL,NULL,5,5,2
Erubiel,Durazo,Erubiel Durazo,2001,PR,86,Diamondbacks,9,2,0,1,7,6,0,1,0,3,320,10,L,LFRF,1,1B,0,NULL,NULL,NULL,NULL,3,4,2
Jose,Ortiz,Jose Ortiz,2001,PR,88,Athletics,8,1,0,3,3,8,1,2,0,2,230,15,R,2B,2,NULL,NULL,NULL,NULL,NULL,NULL,4,5,1
Bubba,Trammell,Bubba Trammell,2001,PR,93,Padres,8,3,1,1,5,5,1,2,0,2,190,15,R,LFRF,1,NULL,NULL,NULL,NULL,NULL,NULL,5,5,1
Jacob,Cruz,Jacob Cruz,2001,PR,95,Indians,9,0,5,0,3,8,0,3,0,1,250,15,L,OF,1,NULL,NULL,NULL,NULL,NULL,NULL,5,4,1
DAngelo,Jiminez,DAngelo Jiminez,2001,PR,99,Yankees,7,3,1,1,5,8,0,0,1,1,90,15,S,SS,2,2B,0,NULL,NULL,NULL,NULL,5,2,2
Julio,Zuleta,Julio Zuleta,2001,PR,100,Cubs,7,5,0,1,1,6,0,3,0,4,180,15,R,1B,0,NULL,NULL,NULL,NULL,NULL,NULL,6,7,1
Charles,Johnson,Charles Johnson,2001,PR,101,Marlins,9,3,1,0,5,6,0,2,0,3,370,10,R,C,6,NULL,NULL,NULL,NULL,NULL,NULL,4,5,1
Tsuyoshi,Shinjo,Tsuyoshi Shinjo,2001,PR,102,Mets,6,5,1,0,2,5,2,1,0,4,130,20,R,CF,2,LFRF,1,NULL,NULL,NULL,NULL,6,7,2
Marcus,Giles,Marcus Giles,2001,PR,104,Braves,7,3,1,1,6,4,1,2,0,2,150,20,R,2B,2,NULL,NULL,NULL,NULL,NULL,NULL,5,5,1
Craig,Counsell,Craig Counsell,2001,PR,105,Diamondbacks,8,1,2,2,4,9,0,1,1,0,150,15,L,SS,3,2B,2,3B,2,NULL,NULL,5,2,3
Ruben,Mateo,Ruben Mateo,2001,PR,106,Rangers,7,3,2,0,1,7,1,3,0,3,220,20,R,CF,2,LFRF,2,NULL,NULL,NULL,NULL,5,7,2
Marlon,Anderson,Marlon Anderson,2001,PR,108,Phillies,7,1,2,2,3,8,1,1,1,1,120,20,L,2B,2,NULL,NULL,NULL,NULL,NULL,NULL,5,4,1
Mark,Grace,Mark Grace,2001,PR,109,Diamondbacks,10,0,1,3,7,5,0,3,0,1,300,10,L,1B,0,NULL,NULL,NULL,NULL,NULL,NULL,4,4,1
Russ,Branyan,Russ Branyan,2001,PR,110,Indians,7,5,0,0,6,2,0,0,1,6,240,10,L,3B,1,LFRF,1,NULL,NULL,NULL,NULL,5,7,2
Jason,LaRue,Jason LaRue,2001,PR,113,Reds,5,2,0,0,4,4,1,4,0,5,80,15,R,C,3,NULL,NULL,NULL,NULL,NULL,NULL,2,10,1
Benji,Gil,Benji Gil,2001,PR,114,Angels,7,2,2,0,6,6,1,2,0,1,130,20,R,SS,3,NULL,NULL,NULL,NULL,NULL,NULL,4,4,1
Bill,Mueller,Bill Mueller,2001,PR,115,Cubs,8,0,3,2,4,8,0,2,0,1,170,15,S,3B,2,NULL,NULL,NULL,NULL,NULL,NULL,5,3,1
Timoniel,Perez,Timoniel Perez,2001,PR,118,Mets,7,0,1,2,0,11,1,3,1,1,150,20,L,LFRF,1,NULL,NULL,NULL,NULL,NULL,NULL,3,6,1
Johnny,Damon,Johnny Damon,2001,PR,119,Athletics,9,0,2,2,4,6,2,2,1,1,340,20,L,CF,2,LFRF,1,NULL,NULL,NULL,NULL,4,6,2
Mike,Darr,Mike Darr,2001,PR,123,Padres,7,1,2,0,4,8,1,2,1,1,160,20,L,OF,2,NULL,NULL,NULL,NULL,NULL,NULL,3,5,1
Felipe,Crespo,Felipe Crespo,2001,PR,124,Giants,8,1,1,2,3,8,1,1,1,2,230,15,S,LFRF,0,NULL,NULL,NULL,NULL,NULL,NULL,4,5,1
Luis,Rivas,Luis Rivas,2001,PR,127,Twins,7,1,2,2,3,6,1,4,1,0,110,20,R,2B,2,NULL,NULL,NULL,NULL,NULL,NULL,5,6,1
Aubrey,Huff,Aubrey Huff,2001,PR,129,Devil Rays,8,2,0,2,4,7,0,3,0,2,200,10,L,3B,1,NULL,NULL,NULL,NULL,NULL,NULL,4,5,1
Paul,Lo Duca,Paul Lo Duca,2001,PR,130,Dodgers,7,0,3,2,4,7,1,2,0,1,100,15,R,C,6,NULL,NULL,NULL,NULL,NULL,NULL,5,4,1
Eric,Davis,Eric Davis,2001,PR,131,Giants,9,2,2,0,6,8,0,1,0,1,220,15,R,LFRF,1,NULL,NULL,NULL,NULL,NULL,NULL,4,2,1
Fernando,Tatis,Fernando Tatis,2001,PR,132,Expos,9,3,0,1,7,3,1,2,0,3,370,15,R,3B,2,NULL,NULL,NULL,NULL,NULL,NULL,4,6,1
Scott,Hatteberg,Scott Hatteberg,2001,PR,136,Red Sox,9,1,2,1,7,6,0,2,0,1,180,10,L,C,0,NULL,NULL,NULL,NULL,NULL,NULL,4,3,1
Melvin,Mora,Melvin Mora,2001,PR,138,Orioles,8,2,1,2,4,7,1,1,1,1,170,20,R,OF,0,NULL,NULL,NULL,NULL,NULL,NULL,5,4,1
Ken,Caminiti,Ken Caminiti,2001,PR,140,Rangers,9,1,1,1,7,5,1,1,0,3,380,15,S,3B,1,NULL,NULL,NULL,NULL,NULL,NULL,3,5,1
Dave,Martinez,Dave Martinez,2001,PR,141,Braves,8,1,1,2,4,9,1,1,1,0,110,15,L,LFRF,1,NULL,NULL,NULL,NULL,NULL,NULL,4,3,1
Robert,Fick,Robert Fick,2001,PR,142,Tigers,7,3,1,1,6,4,1,1,1,2,130,20,L,C,2,1B,0,NULL,NULL,NULL,NULL,5,5,2
Mike,Bordick,Mike Bordick,2001,PR,143,Orioles,8,1,1,2,3,8,1,2,0,2,230,15,R,SS,2,NULL,NULL,NULL,NULL,NULL,NULL,4,5,1
Doug,Mientkiewicz,Doug Mientkiewicz,2001,PR,144,Twins,8,2,0,2,4,8,0,2,0,2,190,15,L,1B,0,NULL,NULL,NULL,NULL,NULL,NULL,4,4,1
Darryl,Hamilton,Darryl Hamilton,2001,PR,145,Mets,9,0,3,2,4,9,0,1,1,0,220,15,L,CF,3,LFRF,2,NULL,NULL,NULL,NULL,5,2,2
Vernon,Wells,Vernon Wells,2001,PR,147,Blue Jays,6,4,1,0,4,3,2,3,1,2,100,20,R,CF,2,LFRF,1,NULL,NULL,NULL,NULL,5,8,2
Rey,Ordonez,Rey Ordonez,2001,PR,148,Mets,6,0,2,1,3,11,1,2,0,0,10,15,R,SS,2,NULL,NULL,NULL,NULL,NULL,NULL,3,3,1
Brad,Ausmus,Brad Ausmus,2001,PR,149,Astros,8,0,2,1,7,6,1,2,0,1,200,15,R,C,8,1B,0,NULL,NULL,NULL,NULL,3,4,2
Todd,Hundley,Todd Hundley,2001,PR,151,Cubs,8,4,0,1,5,4,0,1,0,5,330,10,S,C,2,1B,0,NULL,NULL,NULL,NULL,5,6,2
Tyler,Houston,Tyler Houston,2001,PR,153,Brewers,6,3,1,1,0,5,0,3,0,7,240,15,L,C,4,3B,3,NULL,NULL,NULL,NULL,5,10,2
Manny,Ramirez,Manny Ramirez,2001,PR,155,Red Sox,10,2,0,0,6,6,0,3,0,3,490,10,R,LFRF,0,NULL,NULL,NULL,NULL,NULL,NULL,2,6,1
Luis,Lopez,Luis Lopez,2001,PR,156,Brewers,7,3,1,1,3,7,0,3,0,2,180,15,S,2B,3,SS,2,NULL,NULL,NULL,NULL,5,5,2
Luis,Sojo,Luis Sojo,2001,PR,157,Yankees,7,0,3,2,0,10,0,3,0,2,180,15,R,2B,4,3B,1,NULL,NULL,NULL,NULL,5,5,2
Tony,Gwynn,Tony Gwynn,2001,PR,158,Padres,9,0,2,2,1,11,0,3,0,1,260,15,L,LFRF,0,NULL,NULL,NULL,NULL,NULL,NULL,4,4,1
Roger,Cedeno,Roger Cedeno,2001,PR,159,Tigers,9,1,2,0,6,6,4,0,1,0,260,20,S,LFRF,1,NULL,NULL,NULL,NULL,NULL,NULL,3,5,1
Royce,Clayton,Royce Clayton,2001,PR,160,White Sox,7,1,3,1,3,7,1,1,1,2,150,15,R,SS,3,NULL,NULL,NULL,NULL,NULL,NULL,5,5,1
Olmedo,Saenz,Olmedo Saenz,2001,PR,161,Athletics,9,2,2,0,6,6,0,2,0,2,220,10,R,DH,0,NULL,NULL,NULL,NULL,NULL,NULL,4,4,1
Brook,Fordyce,Brook Fordyce,2001,PR,162,Orioles,7,1,0,2,3,9,0,1,0,4,190,10,R,C,3,NULL,NULL,NULL,NULL,NULL,NULL,3,5,1
Dee,Brown,Dee Brown,2001,PR,163,Royals,6,5,0,0,2,6,1,2,1,3,100,20,L,LFRF,1,NULL,NULL,NULL,NULL,NULL,NULL,5,7,1
Jack,Wilson,Jack Wilson,2001,PR,165,Pirates,7,3,2,1,3,7,0,2,1,1,100,15,R,SS,3,NULL,NULL,NULL,NULL,NULL,NULL,6,4,1
Pedro,Feliz,Pedro Feliz,2001,PR,166,Giants,5,1,0,1,0,8,0,2,1,7,130,10,R,3B,2,NULL,NULL,NULL,NULL,NULL,NULL,2,10,1
Albert,Pujols,Albert Pujols,2001,PR,168,Cardinals,6,0,2,2,2,8,0,2,1,3,100,15,R,3B,2,LFRF,1,NULL,NULL,NULL,NULL,4,6,2
Ichiro,Suzuki,Ichiro Suzuki,2001,PR,169,Mariners,10,0,2,2,4,10,0,1,0,1,400,20,L,LFRF,2,NULL,NULL,NULL,NULL,NULL,NULL,4,2,1
Chris,Woodward,Chris Woodward,2001,PR,172,Blue Jays,7,5,0,1,3,6,0,3,0,2,200,20,R,SS,4,2B,3,NULL,NULL,NULL,NULL,6,5,2
Carlos,Guillen,Carlos Guillen,2001,PR,174,Mariners,7,1,1,1,5,9,0,1,0,2,150,15,S,SS,2,3B,1,NULL,NULL,NULL,NULL,3,3,2
Ben,Petrick,Ben Petrick,2001,PR,175,Rockies,8,2,0,1,5,7,0,3,1,1,190,15,R,C,2,NULL,NULL,NULL,NULL,NULL,NULL,3,5,1